invoice_id,flagged,error_category,expected_total_cents,billed_total_cents,confidence
INV-H2-000001,0,,1562227,1562227,0.9788
INV-H2-000002,0,,3209350,3209350,0.9749
INV-H2-000003,1,premium_incorrectly_applied|unit_price_mismatch|volume_discount_incorrectly_applied,3173475,2215650,0.9716
INV-H2-000004,1,premium_incorrectly_applied|unit_price_mismatch|volume_discount_incorrectly_applied,20977380,3434580,0.9704
INV-H2-000005,0,,1887000,1887000,0.6792
INV-H2-000006,1,premium_incorrectly_applied|unit_price_mismatch|volume_discount_incorrectly_applied,10053416,2905616,0.9694
INV-H2-000007,1,malformed_service_date|premium_incorrectly_applied|unit_price_mismatch|volume_discount_incorrectly_applied|wrong_unit_basis,4994305,2120830,0.9686
INV-H2-000008,0,,1117300,1117300,0.9772
INV-H2-000009,1,premium_incorrectly_applied|unit_price_mismatch|volume_discount_incorrectly_applied,4983190,2109715,0.9684
INV-H2-000010,1,premium_incorrectly_applied|unit_price_mismatch|volume_discount_incorrectly_applied,26539875,5027175,0.9812
INV-H2-000011,1,premium_incorrectly_applied|unit_price_mismatch|volume_discount_incorrectly_applied,3187875,2230050,0.9737
INV-H2-000012,0,,1365950,1365950,0.9632
INV-H2-000013,1,premium_incorrectly_applied|premium_omitted|service_date_after_invoice_date|unit_price_mismatch|volume_discount_incorrectly_applied,11044810,2748025,0.9736
INV-H2-000014,1,premium_incorrectly_applied|unit_price_mismatch|volume_discount_incorrectly_applied,3942130,2026480,0.9487
INV-H2-000015,0,,3265271,3265271,0.9686
INV-H2-000016,1,invoice_total_mismatch|premium_incorrectly_applied|unit_price_mismatch|volume_discount_incorrectly_applied,4155475,3222650,0.9576
INV-H2-000017,0,,3403600,3403600,0.9833
INV-H2-000018,1,premium_incorrectly_applied|unit_price_mismatch|volume_discount_incorrectly_applied,24786525,3343125,0.9597
INV-H2-000019,1,premium_incorrectly_applied|unit_price_mismatch|volume_discount_incorrectly_applied,35543700,2170800,0.9770
INV-H2-000020,1,premium_incorrectly_applied|unit_price_mismatch|volume_discount_incorrectly_applied,17972125,3676525,0.9792
INV-H2-000021,1,premium_incorrectly_applied|unit_price_mismatch|volume_discount_incorrectly_applied,17297575,3182650,0.6710
INV-H2-000022,1,premium_incorrectly_applied|unit_price_mismatch|volume_discount_incorrectly_applied,10809800,4508450,0.9519
INV-H2-000023,1,premium_incorrectly_applied|unit_price_mismatch|volume_discount_incorrectly_applied,6950375,2161250,0.9626
INV-H2-000024,1,premium_incorrectly_applied|unit_price_mismatch|volume_discount_incorrectly_applied,11200364,4052564,0.9737
INV-H2-000025,1,premium_incorrectly_applied|unit_price_mismatch|volume_discount_incorrectly_applied,61716775,2670700,0.9513
INV-H2-000026,0,,2129225,2129225,0.9771
INV-H2-000027,0,,4051625,4051625,0.9816
INV-H2-000028,1,premium_incorrectly_applied|unit_price_mismatch|volume_discount_incorrectly_applied,44356131,3711681,0.9703
INV-H2-000029,1,premium_incorrectly_applied|unit_price_mismatch|volume_discount_incorrectly_applied,6910625,2935775,0.9677
INV-H2-000030,0,,1661900,1661900,0.9813
INV-H2-000031,1,premium_incorrectly_applied|unit_price_mismatch|volume_discount_incorrectly_applied,13388975,1033775,0.9552
INV-H2-000032,0,,3807325,3807325,0.9722
INV-H2-000033,0,,2413432,2413432,0.9818
INV-H2-000034,0,,3110520,3110520,0.9479
INV-H2-000035,1,premium_incorrectly_applied|unit_price_mismatch|volume_discount_incorrectly_applied,16214266,1918666,0.9677
INV-H2-000036,0,,1734643,1734643,0.9755
INV-H2-000037,0,,851304,851304,0.9769
INV-H2-000038,1,premium_incorrectly_applied|unit_price_mismatch|volume_discount_incorrectly_applied,23379025,2530615,0.9845
INV-H2-000039,0,,2742525,2742525,0.9604
INV-H2-000040,1,premium_incorrectly_applied|unit_price_mismatch|volume_discount_incorrectly_applied,17612776,3317176,0.9836
INV-H2-000041,0,,1416025,1416025,0.9388
INV-H2-000042,1,premium_incorrectly_applied|unit_price_mismatch|volume_discount_incorrectly_applied,16278100,2648275,0.6655
INV-H2-000043,1,premium_incorrectly_applied|unit_price_mismatch|volume_discount_incorrectly_applied,15243110,2887910,0.9729
INV-H2-000044,0,,2090343,2090343,0.9652
INV-H2-000045,1,premium_incorrectly_applied|unit_price_mismatch|volume_discount_incorrectly_applied,16859850,3341612,0.9680
INV-H2-000046,1,premium_incorrectly_applied|unit_price_mismatch|volume_discount_incorrectly_applied,46703692,3695616,0.6839
INV-H2-000047,1,premium_incorrectly_applied|unit_price_mismatch|volume_discount_incorrectly_applied,33000083,2089808,0.6601
INV-H2-000048,1,premium_incorrectly_applied|unit_price_mismatch|volume_discount_incorrectly_applied,4022325,1148850,0.9642
INV-H2-000049,0,,1738588,1738588,0.9819
INV-H2-000050,0,,1662879,1662879,0.9743
INV-H2-000051,0,,2608625,2608625,0.9678
INV-H2-000052,0,,2851444,2851444,0.9525
INV-H2-000053,0,,2370600,2370600,0.9770
INV-H2-000054,1,duplicate_invoice_id|invoice_total_mismatch|premium_incorrectly_applied|premium_omitted|unit_price_mismatch|volume_discount_incorrectly_applied,69609662,1893669,0.9824
INV-H2-000055,1,premium_incorrectly_applied|unit_price_mismatch|volume_discount_incorrectly_applied|wrong_unit_basis,33518377,2926577,0.9493
INV-H2-000056,1,premium_incorrectly_applied|unit_price_mismatch|volume_discount_incorrectly_applied,2583300,1625475,0.9670
INV-H2-000057,1,premium_incorrectly_applied|unit_price_mismatch|volume_discount_incorrectly_applied,46530276,3320487,0.9812
INV-H2-000058,0,,3263975,3263975,0.6847
INV-H2-000059,0,,1840438,1840438,0.9543
INV-H2-000060,0,,4650162,4650162,0.9697
INV-H2-000061,1,premium_incorrectly_applied|unit_price_mismatch|volume_discount_incorrectly_applied,6552521,4636871,0.9570
INV-H2-000062,1,unit_price_mismatch|volume_discount_incorrectly_applied,2900447,2715547,0.6875
INV-H2-000063,1,premium_incorrectly_applied|unit_price_mismatch|volume_discount_incorrectly_applied,2919988,1962163,0.9480
INV-H2-000064,1,premium_incorrectly_applied|unit_price_mismatch|volume_discount_incorrectly_applied,26067133,4804408,0.9568
INV-H2-000065,0,,4090090,4090090,0.9709
INV-H2-000066,1,premium_incorrectly_applied|unit_price_mismatch|volume_discount_incorrectly_applied,33791352,4551702,0.9754
INV-H2-000067,1,premium_incorrectly_applied|unit_price_mismatch|volume_discount_incorrectly_applied,10565422,3986872,0.6801
INV-H2-000068,1,premium_incorrectly_applied|unit_price_mismatch|volume_discount_incorrectly_applied,6456551,2625251,0.9695
INV-H2-000069,1,premium_incorrectly_applied|unit_price_mismatch|volume_discount_incorrectly_applied,26128675,2863675,0.9739
INV-H2-000070,1,premium_incorrectly_applied|unit_price_mismatch|volume_discount_incorrectly_applied,23807578,2364178,0.9684
INV-H2-000071,1,premium_incorrectly_applied|unit_price_mismatch|volume_discount_incorrectly_applied,4067480,1194005,0.9845
INV-H2-000072,0,,1542567,1542567,0.6832
INV-H2-000073,1,premium_incorrectly_applied|unit_price_mismatch|volume_discount_incorrectly_applied,30493899,4659849,0.9840
INV-H2-000074,0,,4990685,4990685,0.9732
INV-H2-000075,1,premium_incorrectly_applied|unit_price_mismatch|volume_discount_incorrectly_applied,22738863,2409213,0.9689
INV-H2-000076,0,,2055003,2055003,0.9534
INV-H2-000077,0,,965993,965993,0.9424
INV-H2-000078,1,duplicate_invoice_id|invoice_total_mismatch|premium_incorrectly_applied|premium_omitted|service_date_after_invoice_date|unit_price_mismatch|volume_discount_incorrectly_applied|volume_discount_omitted,29216761,1481960,0.6838
INV-H2-000079,1,premium_incorrectly_applied|unit_price_mismatch|volume_discount_incorrectly_applied,6237121,858946,0.9582
INV-H2-000080,1,premium_incorrectly_applied|unit_price_mismatch|volume_discount_incorrectly_applied,12563781,884256,0.9688
INV-H2-000081,0,,2653560,2653560,0.9794
INV-H2-000082,1,premium_incorrectly_applied|unit_price_mismatch|volume_discount_incorrectly_applied,20266434,3097359,0.9700
INV-H2-000083,0,,4755725,4755725,0.9720
INV-H2-000084,1,premium_incorrectly_applied|unit_price_mismatch|volume_discount_incorrectly_applied,4028950,2242000,0.9712
INV-H2-000085,1,premium_incorrectly_applied|unit_price_mismatch|volume_discount_incorrectly_applied,59077778,5872703,0.9647
INV-H2-000086,0,,1449553,1449553,0.9804
INV-H2-000087,1,premium_incorrectly_applied|unit_price_mismatch|volume_discount_omitted,4169773,3307731,0.9764
INV-H2-000088,1,premium_incorrectly_applied|unit_price_mismatch|volume_discount_omitted,5312506,3588422,0.9800
INV-H2-000089,1,premium_incorrectly_applied|unit_price_mismatch|volume_discount_incorrectly_applied,20171315,3697715,0.9822
INV-H2-000090,1,premium_incorrectly_applied|unit_price_mismatch|volume_discount_incorrectly_applied|volume_discount_omitted,22056162,3858478,0.6766
INV-H2-000091,0,,848706,848706,0.9598
INV-H2-000092,1,premium_incorrectly_applied|unit_price_mismatch|volume_discount_omitted,2450541,1588499,0.9779
INV-H2-000093,0,,2321254,2321254,0.9626
INV-H2-000094,1,premium_incorrectly_applied|unit_price_mismatch|volume_discount_omitted,6065015,3478889,0.9628
INV-H2-000095,1,premium_incorrectly_applied|unit_price_mismatch|volume_discount_incorrectly_applied|volume_discount_omitted,17705535,1567051,0.9831
INV-H2-000096,1,premium_incorrectly_applied|unit_price_mismatch|volume_discount_incorrectly_applied,35851217,3582167,0.9791
INV-H2-000097,1,premium_incorrectly_applied|unit_price_mismatch|volume_discount_incorrectly_applied,12674485,1918135,0.9818
INV-H2-000099,0,,3671140,3671140,0.9830
INV-H2-000100,1,premium_incorrectly_applied|unit_price_mismatch|volume_discount_omitted,3598998,1012872,0.9836
INV-H2-000101,0,,1444535,1444535,0.9808
INV-H2-000102,1,premium_incorrectly_applied|unit_price_mismatch|volume_discount_incorrectly_applied,11633553,2698803,0.9503
INV-H2-000103,0,,1800098,1800098,0.6856
INV-H2-000104,1,duplicate_invoice_id|exclusion_window_violation|invoice_total_mismatch|premium_incorrectly_applied|service_date_out_of_window|unit_price_mismatch|volume_discount_omitted,5617917,1886279,0.9690
INV-H2-000105,1,premium_incorrectly_applied|unit_price_mismatch|volume_discount_incorrectly_applied,40993808,3415883,0.9808
INV-H2-000106,0,,1684549,1684549,0.9668
INV-H2-000107,1,premium_incorrectly_applied|unit_price_mismatch|volume_discount_incorrectly_applied|volume_discount_omitted,6827421,1770255,0.6805
INV-H2-000108,0,,939000,939000,0.9893
INV-H2-000109,0,,3566239,3566239,0.9803
INV-H2-000110,1,premium_incorrectly_applied|unit_price_mismatch|volume_discount_incorrectly_applied,8196364,2818189,0.9827
INV-H2-000111,0,,3132384,3132384,0.9632
INV-H2-000112,1,premium_incorrectly_applied|unit_price_mismatch|volume_discount_incorrectly_applied,14190891,1682241,0.9510
INV-H2-000113,0,,2118730,2118730,0.9705
INV-H2-000114,0,,2359940,2359940,0.9873
INV-H2-000115,0,,456187,456187,0.9833
INV-H2-000116,1,premium_incorrectly_applied|unit_price_mismatch|volume_discount_omitted,6685530,4099404,0.9757
INV-H2-000117,0,,3016765,3016765,0.9446
INV-H2-000118,0,,2780153,2780153,0.9754
INV-H2-000119,1,premium_incorrectly_applied|unit_price_mismatch|volume_discount_incorrectly_applied|volume_discount_omitted,30268252,1653293,0.9688
INV-H2-000120,0,,2187675,2187675,0.9665
INV-H2-000121,0,,3457550,3457550,0.6903
INV-H2-000122,1,premium_incorrectly_applied|unit_price_mismatch|volume_discount_incorrectly_applied|volume_discount_omitted,18593036,1592510,0.9747
INV-H2-000123,0,,3067605,3067605,0.9701
INV-H2-000124,1,premium_incorrectly_applied|unit_price_mismatch|volume_discount_incorrectly_applied|volume_discount_omitted,24034780,856654,0.9658
INV-H2-000125,1,premium_incorrectly_applied|unit_price_mismatch|volume_discount_incorrectly_applied|volume_discount_omitted,43206225,3396593,0.6942
INV-H2-000126,1,premium_incorrectly_applied|unit_price_mismatch|volume_discount_incorrectly_applied,21411343,2878543,0.9814
INV-H2-000127,0,,1721114,1721114,0.9871
INV-H2-000128,1,premium_incorrectly_applied|unit_price_mismatch|volume_discount_omitted,7447216,3137006,0.9612
INV-H2-000129,1,premium_incorrectly_applied|unit_price_mismatch|volume_discount_omitted,2518387,1656345,0.9804
INV-H2-000130,1,premium_incorrectly_applied|unit_price_mismatch|volume_discount_incorrectly_applied,13726948,3005248,0.9623
INV-H2-000131,0,,1951976,1951976,0.6873
INV-H2-000132,1,premium_incorrectly_applied|unit_price_mismatch|volume_discount_omitted,2999991,413865,0.9146
INV-H2-000133,1,premium_incorrectly_applied|unit_price_mismatch|volume_discount_incorrectly_applied,27721000,830125,0.9842
INV-H2-000134,0,,3628983,3628983,0.9659
INV-H2-000135,1,premium_incorrectly_applied|unit_price_mismatch|volume_discount_incorrectly_applied,14236227,1727577,0.9578
INV-H2-000136,1,premium_incorrectly_applied|unit_price_mismatch|volume_discount_omitted,2706785,1844743,0.9797
INV-H2-000137,1,premium_incorrectly_applied|unit_price_mismatch|volume_discount_omitted,2308668,584584,0.9576
INV-H2-000138,1,premium_incorrectly_applied|unit_price_mismatch|volume_discount_incorrectly_applied|volume_discount_omitted,22877599,2748673,0.6862
INV-H2-000139,1,premium_incorrectly_applied|unit_price_mismatch|volume_discount_incorrectly_applied,15848825,498875,0.9830
INV-H2-000140,1,premium_incorrectly_applied|unit_price_mismatch|volume_discount_incorrectly_applied,13559892,2595642,0.9556
INV-H2-000141,0,,3511113,3511113,0.9679
INV-H2-000142,1,premium_incorrectly_applied|unit_price_mismatch|volume_discount_incorrectly_applied,29809584,4792284,0.6896
INV-H2-000143,0,,3650784,3650784,0.9689
INV-H2-000144,1,unit_price_mismatch|volume_discount_omitted,631850,767964,0.9694
INV-H2-000145,0,,2771471,2771471,0.9786
INV-H2-000146,1,premium_incorrectly_applied|unit_price_mismatch|volume_discount_omitted,3252478,1528394,0.9797
INV-H2-000147,1,duplicate_invoice_id|invoice_total_mismatch|premium_incorrectly_applied|unit_price_mismatch|volume_discount_incorrectly_applied|volume_discount_omitted,49281806,4149703,0.9574
INV-H2-000148,1,premium_incorrectly_applied|unit_price_mismatch|volume_discount_omitted,4055261,607093,0.9231
INV-H2-000149,0,,2852913,2852913,0.9607
INV-H2-000150,1,malformed_service_date|premium_incorrectly_applied|unit_price_mismatch|volume_discount_incorrectly_applied|wrong_unit_basis,22882104,953604,0.9755
INV-H2-000151,1,premium_incorrectly_applied|unit_price_mismatch|volume_discount_incorrectly_applied,10276828,3698278,0.6907
INV-H2-000152,0,,2943880,2943880,0.6853
INV-H2-000153,0,,1484485,1484485,0.9746
INV-H2-000154,1,premium_incorrectly_applied|unit_price_mismatch|volume_discount_incorrectly_applied|volume_discount_omitted,55342288,3612189,0.9571
INV-H2-000155,0,,2297545,2297545,0.9664
INV-H2-000156,1,premium_incorrectly_applied|unit_price_mismatch|volume_discount_omitted,5719484,3133358,0.9753
INV-H2-000157,1,premium_incorrectly_applied|unit_price_mismatch|volume_discount_omitted,1711953,849911,0.9648
INV-H2-000158,0,,2430168,2430168,0.9737
INV-H2-000159,0,,1139386,1139386,0.9458
INV-H2-000160,0,,2010188,2010188,0.9840
INV-H2-000161,1,premium_incorrectly_applied|unit_price_mismatch|volume_discount_omitted,3428781,2566739,0.9449
INV-H2-000162,1,unit_price_mismatch|volume_discount_incorrectly_applied,21320243,1152086,0.9718
INV-H2-000163,1,premium_incorrectly_applied|unit_price_mismatch|volume_discount_incorrectly_applied|volume_discount_omitted,21460954,3654320,0.9788
INV-H2-000164,1,premium_incorrectly_applied|unit_price_mismatch|volume_discount_incorrectly_applied|volume_discount_omitted,58030945,4160466,0.6848
INV-H2-000165,1,premium_incorrectly_applied|unit_price_mismatch|volume_discount_incorrectly_applied,17988016,1853491,0.9830
INV-H2-000166,0,,2087494,2087494,0.9648
INV-H2-000167,1,premium_incorrectly_applied|unit_price_mismatch|volume_discount_incorrectly_applied|volume_discount_omitted,27387918,2496350,0.9650
INV-H2-000168,1,premium_incorrectly_applied|unit_price_mismatch|volume_discount_omitted,6007957,3421831,0.6902
INV-H2-000169,0,,2073831,2073831,0.9858
INV-H2-000170,0,,1978684,1978684,0.6853
INV-H2-000171,1,invoice_total_mismatch|line_total_arithmetic|premium_incorrectly_applied|unit_price_mismatch|volume_discount_incorrectly_applied,11678662,2999762,0.9635
INV-H2-000172,1,premium_incorrectly_applied|unit_price_mismatch|volume_discount_incorrectly_applied|volume_discount_omitted,33205774,5047206,0.6806
INV-H2-000173,1,premium_incorrectly_applied|unit_price_mismatch|volume_discount_incorrectly_applied|volume_discount_omitted,12110541,2477099,0.9660
INV-H2-000174,0,,2007600,2007600,0.9644
INV-H2-000175,1,premium_incorrectly_applied|unit_price_mismatch|volume_discount_incorrectly_applied,15229689,2721039,0.9820
INV-H2-000176,1,line_total_arithmetic|premium_incorrectly_applied|unit_price_mismatch|volume_discount_incorrectly_applied|wrong_unit_basis,1056725,791325,0.6785
INV-H2-000177,1,premium_incorrectly_applied|unit_price_mismatch|volume_discount_omitted,3750537,2888495,0.9721
INV-H2-000178,0,,1810565,1810565,0.9707
INV-H2-000179,1,premium_incorrectly_applied|unit_price_mismatch|volume_discount_incorrectly_applied,33561137,2861237,0.9763
INV-H2-000180,1,premium_incorrectly_applied|unit_price_mismatch|volume_discount_incorrectly_applied,21148938,3160638,0.9746
INV-H2-000181,1,premium_incorrectly_applied|unit_price_mismatch|volume_discount_incorrectly_applied,28594475,2280275,0.6834
INV-H2-000182,0,,3424525,3424525,0.9767
INV-H2-000183,1,contract_number_mismatch|daily_cap_exceeded,977993,1041743,0.9779
INV-H2-000184,1,premium_incorrectly_applied|unit_price_mismatch|volume_discount_incorrectly_applied|volume_discount_omitted,11014634,2567831,0.6808
INV-H2-000185,1,premium_incorrectly_applied|unit_price_mismatch|volume_discount_omitted,3663780,1077654,0.9776
INV-H2-000186,0,,2261042,2261042,0.9839
INV-H2-000187,1,premium_incorrectly_applied|unit_price_mismatch|volume_discount_omitted,3773061,2911019,0.9636
INV-H2-000188,0,,1848168,1848168,0.9599
INV-H2-000189,1,premium_incorrectly_applied|unit_price_mismatch|volume_discount_incorrectly_applied|volume_discount_omitted,20916325,1322741,0.9627
INV-H2-000190,1,premium_incorrectly_applied|unit_price_mismatch|volume_discount_incorrectly_applied,28652415,3942015,0.6919
INV-H2-000191,1,premium_incorrectly_applied|unit_price_mismatch|volume_discount_incorrectly_applied,19203561,3121011,0.9636
INV-H2-000192,0,,3569501,3569501,0.6894
INV-H2-000193,1,premium_incorrectly_applied|unit_price_mismatch|volume_discount_incorrectly_applied,22018275,1426275,0.9814
INV-H2-000194,1,premium_incorrectly_applied|unit_price_mismatch|volume_discount_incorrectly_applied|volume_discount_omitted,8894821,2190295,0.6706
INV-H2-000195,1,premium_incorrectly_applied|unit_price_mismatch|volume_discount_incorrectly_applied,4388840,2195990,0.9793
INV-H2-000196,1,premium_incorrectly_applied|unit_price_mismatch|volume_discount_incorrectly_applied|volume_discount_omitted,26437463,2338637,0.9708
INV-H2-000197,1,duplicate_invoice_id|invoice_total_mismatch|premium_incorrectly_applied|unit_price_mismatch|volume_discount_incorrectly_applied,17381140,3522408,0.9715
INV-H2-000198,0,,2726444,2726444,0.9742
INV-H2-000199,1,premium_incorrectly_applied|unit_price_mismatch|volume_discount_incorrectly_applied|volume_discount_omitted,20692220,3747628,0.9739
INV-H2-000200,1,premium_incorrectly_applied|unit_price_mismatch|volume_discount_omitted,5781296,3195170,0.9634
INV-H2-000201,1,premium_incorrectly_applied|unit_price_mismatch|volume_discount_incorrectly_applied,5492125,1373725,0.9522
INV-H2-000202,1,unit_price_mismatch|volume_discount_incorrectly_applied,8988904,1575784,0.9807
INV-H2-000203,0,,2193175,2193175,0.9649
INV-H2-000204,1,premium_incorrectly_applied|unit_price_mismatch|volume_discount_incorrectly_applied,25227665,2552210,0.6903
INV-H2-000205,1,premium_incorrectly_applied|unit_price_mismatch|volume_discount_omitted,3471548,1747464,0.9516
INV-H2-000206,0,,1642121,1642121,0.9670
INV-H2-000207,1,premium_incorrectly_applied|unit_price_mismatch|volume_discount_incorrectly_applied,16095478,5339128,0.9797
INV-H2-000208,1,premium_incorrectly_applied|unit_price_mismatch|volume_discount_incorrectly_applied|volume_discount_omitted,36232020,894341,0.6674
INV-H2-000209,1,service_date_after_invoice_date,2987990,2987990,0.9634
INV-H2-000210,0,,2021915,2021915,0.6931
INV-H2-000211,1,premium_incorrectly_applied|unit_price_mismatch|volume_discount_omitted,4086225,3224183,0.9568
INV-H2-000212,1,premium_incorrectly_applied|unit_price_mismatch|volume_discount_omitted,4123946,2399862,0.9278
INV-H2-000213,0,,2036345,2036345,0.9649
INV-H2-000214,0,,1874579,1874579,0.9587
INV-H2-000215,1,premium_incorrectly_applied|unit_price_mismatch|volume_discount_incorrectly_applied,16024003,2866903,0.6789
INV-H2-000216,0,,2947675,2947675,0.9691
INV-H2-000217,0,,812063,812063,0.9346
INV-H2-000218,1,premium_incorrectly_applied|unit_price_mismatch|volume_discount_omitted,4594918,2870834,0.6799
INV-H2-000219,1,premium_incorrectly_applied|unit_price_mismatch|volume_discount_incorrectly_applied|volume_discount_omitted,12221026,5249200,0.9705
INV-H2-000220,1,premium_incorrectly_applied|unit_price_mismatch|volume_discount_incorrectly_applied,10972500,5611650,0.9762
INV-H2-000221,1,premium_incorrectly_applied|unit_price_mismatch|volume_discount_omitted,3817737,2093653,0.9809
INV-H2-000222,0,,1692095,1692095,0.9836
INV-H2-000223,1,premium_incorrectly_applied|unit_price_mismatch|volume_discount_omitted,3949424,1363298,0.9808
INV-H2-000224,0,,819455,819455,0.9772
INV-H2-000225,0,,3822242,3822242,0.9480
INV-H2-000226,1,premium_incorrectly_applied|unit_price_mismatch|volume_discount_omitted,4951862,2365736,0.9697
INV-H2-000227,1,daily_cap_exceeded,1893398,2047798,0.6782
INV-H2-000228,0,,1700169,1700169,0.6774
INV-H2-000229,1,premium_incorrectly_applied|unit_price_mismatch|volume_discount_omitted,2977125,2115083,0.9641
INV-H2-000230,0,,1871100,1871100,0.6681
INV-H2-000231,1,unit_price_mismatch|volume_discount_incorrectly_applied,19968729,2671449,0.9633
INV-H2-000232,0,,554808,554808,0.9804
INV-H2-000233,1,premium_incorrectly_applied|unit_price_mismatch|volume_discount_incorrectly_applied,9773023,2080723,0.9795
INV-H2-000234,1,premium_incorrectly_applied|unit_price_mismatch|volume_discount_incorrectly_applied|volume_discount_omitted,27495555,2980929,0.9474
INV-H2-000235,1,premium_incorrectly_applied|unit_price_mismatch|volume_discount_incorrectly_applied,14473942,1316842,0.9533
INV-H2-000236,1,premium_incorrectly_applied|unit_price_mismatch|volume_discount_incorrectly_applied,20050285,3576685,0.9742
INV-H2-000237,1,premium_incorrectly_applied|unit_price_mismatch|volume_discount_incorrectly_applied|volume_discount_omitted,27222913,2847629,0.9760
INV-H2-000238,1,bundle_not_applied|premium_incorrectly_applied|unit_price_mismatch|volume_discount_incorrectly_applied|volume_discount_omitted,14777352,4112722,0.9507
INV-H2-000239,1,contract_number_mismatch|line_total_arithmetic,1141915,1140915,0.9777
INV-H2-000240,1,premium_incorrectly_applied|unit_price_mismatch|volume_discount_omitted,3287703,2425661,0.9499
INV-H2-000241,0,,1809995,1809995,0.9526
INV-H2-000242,1,unit_price_mismatch|volume_discount_incorrectly_applied,6696597,1754517,0.9703
INV-H2-000243,0,,1572770,1572770,0.9765
INV-H2-000244,1,premium_incorrectly_applied|unit_price_mismatch|volume_discount_omitted,5461910,2875784,0.9764
INV-H2-000245,1,premium_incorrectly_applied|unit_price_mismatch|volume_discount_incorrectly_applied,21915216,3639816,0.9765
INV-H2-000246,1,premium_incorrectly_applied|unit_price_mismatch|volume_discount_incorrectly_applied,41207160,3928710,0.9734
INV-H2-000247,0,,2158429,2158429,0.9598
INV-H2-000248,1,premium_incorrectly_applied|service_date_out_of_window|unit_price_mismatch|volume_discount_incorrectly_applied,39588880,2944030,0.9816
INV-H2-000249,1,contract_number_mismatch|cross_invoice_duplicate|premium_incorrectly_applied|unit_price_mismatch|volume_discount_incorrectly_applied|wrong_unit_basis,1240475,622800,0.6426
INV-H2-000250,0,,3640555,3640555,0.9606
INV-H2-000251,1,premium_incorrectly_applied|unit_price_mismatch|volume_discount_incorrectly_applied|volume_discount_omitted,8077485,3991755,0.9727
INV-H2-000252,1,premium_incorrectly_applied|unit_price_mismatch|volume_discount_incorrectly_applied,7764690,2386515,0.6811
INV-H2-000253,1,premium_incorrectly_applied|unit_price_mismatch|volume_discount_incorrectly_applied|volume_discount_omitted,18504943,2100395,0.9685
INV-H2-000254,1,premium_incorrectly_applied|unit_price_mismatch|volume_discount_incorrectly_applied,52694528,3152453,0.9828
INV-H2-000255,0,,1298069,1298069,0.9509
INV-H2-000256,1,premium_incorrectly_applied|unit_price_mismatch|volume_discount_omitted,2036219,1269959,0.9804
INV-H2-000257,1,premium_incorrectly_applied|unit_price_mismatch|volume_discount_incorrectly_applied,33969620,1700570,0.6600
INV-H2-000258,0,,4756505,4756505,0.9724
INV-H2-000259,1,premium_incorrectly_applied|unit_price_mismatch|volume_discount_incorrectly_applied,21776676,2120226,0.6873
INV-H2-000260,1,premium_incorrectly_applied|unit_price_mismatch|volume_discount_incorrectly_applied,8260919,3875219,0.9767
INV-H2-000261,1,premium_incorrectly_applied|unit_price_mismatch|volume_discount_incorrectly_applied,3557066,1770116,0.6740
INV-H2-000262,1,premium_incorrectly_applied|unit_price_mismatch|volume_discount_incorrectly_applied,17548025,1413500,0.9785
INV-H2-000263,0,,1002747,1002747,0.9673
INV-H2-000264,0,,1903274,1903274,0.9587
INV-H2-000265,0,,676285,676285,0.6553
INV-H2-000266,0,,4335855,4335855,0.9671
INV-H2-000267,1,premium_incorrectly_applied|unit_price_mismatch|volume_discount_omitted,3945384,1646604,0.9409
INV-H2-000268,1,premium_incorrectly_applied|unit_price_mismatch|volume_discount_omitted,4111521,1812741,0.9638
INV-H2-000269,0,,3633017,3633017,0.9786
INV-H2-000270,1,premium_incorrectly_applied|unit_price_mismatch|volume_discount_omitted,4229220,1930440,0.9686
INV-H2-000271,1,premium_incorrectly_applied|unit_price_mismatch|volume_discount_incorrectly_applied|volume_discount_omitted,11794927,2348347,0.9576
INV-H2-000272,1,premium_incorrectly_applied|unit_price_mismatch|volume_discount_omitted,4074521,1775741,0.9482
INV-H2-000273,1,premium_incorrectly_applied|unit_price_mismatch|volume_discount_incorrectly_applied,18164446,3626296,0.9789
INV-H2-000274,0,,2988227,2988227,0.9763
INV-H2-000275,1,premium_incorrectly_applied|unit_price_mismatch|volume_discount_incorrectly_applied,15150810,2399610,0.9593
INV-H2-000276,0,,2928873,2928873,0.9763
INV-H2-000277,0,,1961152,1961152,0.9666
INV-H2-000278,1,premium_incorrectly_applied|unit_price_mismatch|volume_discount_incorrectly_applied,13648822,2892472,0.9709
INV-H2-000279,1,premium_incorrectly_applied|unit_price_mismatch|volume_discount_omitted,7940259,4108959,0.9661
INV-H2-000280,0,,984725,984725,0.9873
INV-H2-000281,0,,1820081,1820081,0.9715
INV-H2-000282,1,premium_incorrectly_applied|unit_price_mismatch|volume_discount_incorrectly_applied,40146464,3803564,0.9806
INV-H2-000283,0,,4143970,4143970,0.9665
INV-H2-000284,0,,2119699,2119699,0.9467
INV-H2-000285,0,,3080963,3080963,0.6733
INV-H2-000286,0,,1015150,1015150,0.9784
INV-H2-000287,1,premium_incorrectly_applied|unit_price_mismatch|volume_discount_incorrectly_applied|volume_discount_omitted,30693204,4273074,0.9612
INV-H2-000288,1,premium_incorrectly_applied|unit_price_mismatch|volume_discount_incorrectly_applied,10643440,1708690,0.9466
INV-H2-000289,0,,1786174,1786174,0.9744
INV-H2-000290,1,duplicate_invoice_id|exclusion_window_violation|invoice_total_mismatch|premium_incorrectly_applied|unit_price_mismatch|volume_discount_omitted|wrong_unit_basis,5322468,2219418,0.9635
INV-H2-000291,0,,1924615,1924615,0.9569
INV-H2-000292,0,,4047004,4047004,0.9674
INV-H2-000293,1,premium_incorrectly_applied|unit_price_mismatch|volume_discount_incorrectly_applied,37037345,2436845,0.9836
INV-H2-000294,1,premium_incorrectly_applied|unit_price_mismatch|volume_discount_incorrectly_applied,13806695,2842445,0.9558
INV-H2-000295,0,,2049905,2049905,0.6474
INV-H2-000296,1,premium_incorrectly_applied|unit_price_mismatch|volume_discount_incorrectly_applied,27664799,5013599,0.9744
INV-H2-000297,1,premium_incorrectly_applied|unit_price_mismatch|volume_discount_omitted,5986130,4453610,0.6873
INV-H2-000298,1,premium_incorrectly_applied|unit_price_mismatch|volume_discount_incorrectly_applied,18930210,2795685,0.9721
INV-H2-000299,1,contract_number_mismatch|premium_incorrectly_applied|unit_price_mismatch|volume_discount_incorrectly_applied,19812388,3677863,0.9809
INV-H2-000300,1,premium_incorrectly_applied|unit_price_mismatch|volume_discount_incorrectly_applied,6484639,2910739,0.9673
INV-H2-000301,1,premium_incorrectly_applied|unit_price_mismatch|volume_discount_incorrectly_applied|volume_discount_omitted,9647948,3775268,0.9723
INV-H2-000302,0,,719120,719120,0.9772
INV-H2-000303,1,premium_incorrectly_applied|unit_price_mismatch|volume_discount_omitted,4693497,2394717,0.9653
INV-H2-000304,0,,1250195,1250195,0.9663
INV-H2-000305,1,premium_incorrectly_applied|unit_price_mismatch|volume_discount_incorrectly_applied,28611638,1720763,0.9711
INV-H2-000306,1,cross_invoice_duplicate|premium_incorrectly_applied|unit_price_mismatch|volume_discount_incorrectly_applied|volume_discount_omitted,7499391,3762607,0.9742
INV-H2-000307,0,,2666334,2666334,0.9778
INV-H2-000308,0,,1342511,1342511,0.6818
INV-H2-000309,0,,2638802,2638802,0.9765
INV-H2-000310,1,unit_price_mismatch|volume_discount_incorrectly_applied,23135895,3367575,0.9743
INV-H2-000311,1,unit_price_mismatch|volume_discount_incorrectly_applied,27658972,2948572,0.9693
INV-H2-000312,0,,1517532,1517532,0.9557
INV-H2-000313,1,premium_incorrectly_applied|unit_price_mismatch|volume_discount_omitted,2996865,2230605,0.9661
INV-H2-000314,1,premium_incorrectly_applied|unit_price_mismatch|volume_discount_incorrectly_applied|volume_discount_omitted,14624779,2579449,0.9680
INV-H2-000315,1,cross_invoice_duplicate|premium_incorrectly_applied|unit_price_mismatch|volume_discount_omitted|wrong_unit_basis,2017414,1836941,0.9271
INV-H2-000316,1,premium_incorrectly_applied|unit_price_mismatch|volume_discount_incorrectly_applied|volume_discount_omitted,39396779,2822219,0.9830
INV-H2-000317,1,premium_incorrectly_applied|unit_price_mismatch|volume_discount_incorrectly_applied,19258865,726065,0.9616
INV-H2-000318,1,premium_incorrectly_applied|unit_price_mismatch|volume_discount_incorrectly_applied,7184475,3066075,0.9678
INV-H2-000319,1,premium_incorrectly_applied|unit_price_mismatch|volume_discount_incorrectly_applied,12246371,1282121,0.9706
INV-H2-000320,1,premium_incorrectly_applied|unit_price_mismatch|volume_discount_incorrectly_applied,30623400,3982500,0.6930
INV-H2-000321,0,,1973038,1973038,0.9801
INV-H2-000322,1,premium_incorrectly_applied|unit_price_mismatch|volume_discount_incorrectly_applied,14420862,1263762,0.9846
INV-H2-000323,0,,323654,323654,0.9598
INV-H2-000324,1,premium_incorrectly_applied|unit_price_mismatch|volume_discount_omitted,4612094,2313314,0.6647
INV-H2-000325,1,bundle_not_applied|premium_incorrectly_applied|unit_price_mismatch|volume_discount_omitted,3131004,1666784,0.9220
INV-H2-000326,0,,872000,872000,0.9654
INV-H2-000327,1,premium_incorrectly_applied|unit_price_mismatch|volume_discount_incorrectly_applied|volume_discount_omitted,7878344,3386714,0.9539
INV-H2-000328,1,premium_incorrectly_applied|unit_price_mismatch|volume_discount_incorrectly_applied,57591030,2670780,0.9730
INV-H2-000329,0,,966437,966437,0.9891
INV-H2-000330,0,,1553631,1553631,0.6862
INV-H2-000331,1,premium_incorrectly_applied|unit_price_mismatch|volume_discount_incorrectly_applied,16966068,2670468,0.9621
INV-H2-000332,1,premium_incorrectly_applied|unit_price_mismatch|volume_discount_incorrectly_applied|volume_discount_omitted,36968631,3646221,0.6885
INV-H2-000333,0,,1201594,1201594,0.9763
INV-H2-000334,1,premium_incorrectly_applied|unit_price_mismatch|volume_discount_incorrectly_applied,28059422,2990147,0.9655
INV-H2-000335,0,,4659898,4659898,0.9695
INV-H2-000336,1,premium_incorrectly_applied|unit_price_mismatch|volume_discount_incorrectly_applied,14684482,3720232,0.6897
INV-H2-000337,0,,2289976,2289976,0.9631
INV-H2-000338,1,premium_incorrectly_applied|unit_price_mismatch|volume_discount_incorrectly_applied,39884325,1967325,0.9594
INV-H2-000339,0,,2689112,2689112,0.9634
INV-H2-000340,0,,2243925,2243925,0.9876
INV-H2-000341,0,,1736250,1736250,0.9714
INV-H2-000342,1,premium_incorrectly_applied|unit_price_mismatch|volume_discount_omitted,6031428,3732648,0.9764
INV-H2-000343,1,premium_incorrectly_applied|unit_price_mismatch|volume_discount_omitted,6877326,5344806,0.9729
INV-H2-000344,1,premium_incorrectly_applied|unit_price_mismatch|volume_discount_incorrectly_applied,17027484,2731884,0.9804
INV-H2-000345,1,premium_incorrectly_applied|unit_price_mismatch|volume_discount_incorrectly_applied,23636955,1708455,0.9628
INV-H2-000346,1,premium_incorrectly_applied|unit_price_mismatch|volume_discount_incorrectly_applied,15565316,2408216,0.9758
INV-H2-000347,0,,1874095,1874095,0.9759
INV-H2-000348,0,,2412300,2412300,0.9795
INV-H2-000349,1,premium_incorrectly_applied|unit_price_mismatch|volume_discount_omitted,3143813,2377553,0.9635
INV-H2-000350,0,,1775933,1775933,0.9816
INV-H2-000351,1,premium_incorrectly_applied|unit_price_mismatch|volume_discount_incorrectly_applied|volume_discount_omitted,24194777,2239547,0.9803
INV-H2-000352,1,premium_incorrectly_applied|unit_price_mismatch|volume_discount_omitted,3307336,2541076,0.9702
INV-H2-000353,1,premium_incorrectly_applied|unit_price_mismatch|volume_discount_incorrectly_applied|volume_discount_omitted,18690734,1977554,0.6809
INV-H2-000354,0,,882912,882912,0.9881
INV-H2-000355,0,,961604,961604,0.6653
INV-H2-000356,0,,3469305,3469305,0.9629
INV-H2-000357,1,premium_incorrectly_applied|unit_price_mismatch|volume_discount_omitted,3684561,2918301,0.9446
INV-H2-000358,0,,1182388,1182388,0.9126
INV-H2-000359,1,premium_incorrectly_applied|unit_price_mismatch|volume_discount_incorrectly_applied|volume_discount_omitted,32228636,1422806,0.9548
INV-H2-000360,0,,2099040,2099040,0.9523
INV-H2-000361,1,premium_incorrectly_applied|unit_price_mismatch|volume_discount_incorrectly_applied,19676610,3203010,0.6892
INV-H2-000362,1,premium_incorrectly_applied|unit_price_mismatch|volume_discount_incorrectly_applied,28414351,2580301,0.9775
INV-H2-000363,1,premium_incorrectly_applied|unit_price_mismatch|volume_discount_incorrectly_applied|volume_discount_omitted,9497964,2604594,0.6631
INV-H2-000364,1,premium_incorrectly_applied|unit_price_mismatch|volume_discount_incorrectly_applied,16787433,4278783,0.9720
INV-H2-000365,1,premium_incorrectly_applied|unit_price_mismatch|volume_discount_incorrectly_applied|volume_discount_omitted,38440129,2527754,0.9758
INV-H2-000366,1,premium_incorrectly_applied|unit_price_mismatch|volume_discount_incorrectly_applied,23296765,3640315,0.9700
INV-H2-000367,1,premium_incorrectly_applied|unit_price_mismatch|volume_discount_incorrectly_applied|volume_discount_omitted,50751890,4036760,0.6896
INV-H2-000368,0,,3089495,3089495,0.9637
INV-H2-000369,1,premium_incorrectly_applied|unit_price_mismatch|volume_discount_incorrectly_applied,20950634,4816109,0.6953
INV-H2-000370,0,,1838604,1838604,0.9834
INV-H2-000371,0,,606294,606294,0.9767
INV-H2-000372,0,,3452468,3452468,0.6859
INV-H2-000373,0,,1563990,1563990,0.6412
INV-H2-000374,1,premium_incorrectly_applied|unit_price_mismatch|volume_discount_incorrectly_applied,26240433,4311933,0.9791
INV-H2-000375,1,premium_incorrectly_applied|unit_price_mismatch|volume_discount_omitted,2884104,2117844,0.9740
INV-H2-000376,1,daily_cap_exceeded|premium_incorrectly_applied|service_date_after_invoice_date|unit_price_mismatch|volume_discount_incorrectly_applied|volume_discount_omitted,7119310,2933550,0.9778
INV-H2-000377,1,premium_incorrectly_applied|unit_price_mismatch|volume_discount_incorrectly_applied,28666431,2352231,0.9688
INV-H2-000378,1,unit_price_mismatch|volume_discount_incorrectly_applied,10291747,3569028,0.9778
INV-H2-000379,1,premium_incorrectly_applied|unit_price_mismatch|volume_discount_omitted,2928237,1395717,0.9404
INV-H2-000380,1,premium_incorrectly_applied|unit_price_mismatch|volume_discount_omitted,3371418,1072638,0.6717
INV-H2-000381,0,,536246,536246,0.9706
INV-H2-000382,0,,2908946,2908946,0.9627
INV-H2-000383,0,,1996262,1996262,0.9772
INV-H2-000384,1,premium_incorrectly_applied|unit_price_mismatch|volume_discount_omitted,6218821,3920041,0.6759
INV-H2-000385,1,premium_incorrectly_applied|unit_price_mismatch|volume_discount_incorrectly_applied|volume_discount_omitted,12533550,2066280,0.9734
INV-H2-000386,1,premium_incorrectly_applied|unit_price_mismatch|volume_discount_incorrectly_applied,12134568,1412868,0.9813
INV-H2-000387,1,premium_incorrectly_applied|unit_price_mismatch|volume_discount_incorrectly_applied,25119186,3190686,0.6778
INV-H2-000388,1,premium_incorrectly_applied|unit_price_mismatch|volume_discount_incorrectly_applied,17462143,1327618,0.6751
INV-H2-000389,0,,898556,898556,0.9818
INV-H2-000390,1,premium_incorrectly_applied|unit_price_mismatch|volume_discount_omitted,3980752,1681972,0.9755
INV-H2-000391,1,premium_incorrectly_applied|unit_price_mismatch|volume_discount_omitted,3709766,1410986,0.9455
INV-H2-000392,1,premium_incorrectly_applied|unit_price_mismatch|volume_discount_omitted,4730645,3198125,0.9617
INV-H2-000393,0,,2854089,2854089,0.9391
INV-H2-000394,0,,1198540,1198540,0.6299
INV-H2-000395,1,premium_incorrectly_applied|unit_price_mismatch|volume_discount_omitted,4614593,2315813,0.9741
INV-H2-000396,1,premium_incorrectly_applied|unit_price_mismatch|volume_discount_incorrectly_applied|volume_discount_omitted,23854946,1899716,0.9589
INV-H2-000397,0,,1363725,1363725,0.9712
INV-H2-000398,1,premium_incorrectly_applied|unit_price_mismatch|volume_discount_incorrectly_applied|volume_discount_omitted,29198773,4717063,0.6835
INV-H2-000399,0,,1760409,1760409,0.9864
INV-H2-000400,0,,2854742,2854742,0.9742
INV-H2-000401,1,premium_incorrectly_applied|unit_price_mismatch|volume_discount_incorrectly_applied,11910974,1154624,0.9791
INV-H2-000402,0,,2787726,2787726,0.6822
INV-H2-000403,1,premium_incorrectly_applied|unit_price_mismatch|volume_discount_incorrectly_applied|volume_discount_omitted,30445359,2788224,0.9586
INV-H2-000404,0,,1430615,1430615,0.9506
INV-H2-000405,0,,554880,554880,0.6078
INV-H2-000406,1,premium_incorrectly_applied|unit_price_mismatch|volume_discount_incorrectly_applied,31203587,4333007,0.9785
INV-H2-000407,1,premium_incorrectly_applied|unit_price_mismatch|volume_discount_incorrectly_applied|volume_discount_omitted,9292156,2348296,0.9572
INV-H2-000408,0,,3847130,3847130,0.6956
INV-H2-000409,1,premium_incorrectly_applied|unit_price_mismatch|volume_discount_omitted,3075178,2308918,0.9696
INV-H2-000410,0,,1095747,1095747,0.9773
INV-H2-000411,1,premium_incorrectly_applied|unit_price_mismatch|volume_discount_omitted,2192504,659984,0.9493
INV-H2-000412,0,,748067,748067,0.6692
INV-H2-000413,1,premium_incorrectly_applied|unit_price_mismatch|volume_discount_incorrectly_applied,7482825,2121975,0.9557
INV-H2-000414,0,,1289277,1289277,0.9856
INV-H2-000415,0,,1366701,1366701,0.9617
INV-H2-000416,0,,1882350,1882350,0.9758
INV-H2-000417,0,,2886177,2886177,0.9759
INV-H2-000418,0,,3790376,3790376,0.9593
INV-H2-000419,0,,1346041,1346041,0.9500
INV-H2-000420,1,premium_incorrectly_applied|unit_price_mismatch|volume_discount_incorrectly_applied,26687750,1997150,0.9636
INV-H2-000421,1,premium_incorrectly_applied|unit_price_mismatch|volume_discount_incorrectly_applied,11058955,2124205,0.9862
INV-H2-000422,1,bundle_not_applied|malformed_service_date|premium_incorrectly_applied|unit_price_mismatch|volume_discount_omitted,4656052,2442022,0.9522
INV-H2-000423,1,premium_incorrectly_applied|unit_price_mismatch|volume_discount_incorrectly_applied|volume_discount_omitted,36907124,2257247,0.9675
INV-H2-000424,0,,3020005,3020005,0.9493
INV-H2-000425,1,premium_incorrectly_applied|unit_price_mismatch|volume_discount_omitted,4418153,2119373,0.9386
INV-H2-000426,1,premium_incorrectly_applied|unit_price_mismatch|volume_discount_incorrectly_applied|volume_discount_omitted,5275531,1683811,0.9523
INV-H2-000427,0,,2581960,2581960,0.6663
INV-H2-000428,0,,865265,865265,0.9762
INV-H2-000429,0,,3033400,3033400,0.9826
INV-H2-000430,0,,2119852,2119852,0.9853
INV-H2-000431,1,premium_incorrectly_applied|unit_price_mismatch|volume_discount_incorrectly_applied,13866850,3036250,0.9794
INV-H2-000432,1,exclusion_window_violation|invoice_total_mismatch|line_total_arithmetic,809053,851553,0.9644
INV-H2-000433,1,premium_incorrectly_applied|unit_price_mismatch|volume_discount_omitted,4538690,3006170,0.9605
INV-H2-000434,1,premium_incorrectly_applied|unit_price_mismatch|volume_discount_incorrectly_applied,8124560,976760,0.9413
INV-H2-000435,1,premium_incorrectly_applied|unit_price_mismatch|volume_discount_incorrectly_applied|volume_discount_omitted,18765075,1993856,0.9800
INV-H2-000436,1,invoice_total_mismatch|premium_incorrectly_applied|unit_price_mismatch|volume_discount_omitted|wrong_unit_basis,2190585,2403279,0.9712
INV-H2-000437,1,premium_incorrectly_applied|unit_price_mismatch|volume_discount_incorrectly_applied,13287195,2565495,0.9776
INV-H2-000438,1,premium_incorrectly_applied|unit_price_mismatch|volume_discount_incorrectly_applied|volume_discount_omitted,28804600,1618210,0.9580
INV-H2-000439,0,,3318627,3318627,0.6767
INV-H2-000440,1,premium_incorrectly_applied|unit_price_mismatch|volume_discount_omitted,4506815,2974295,0.9562
INV-H2-000441,1,premium_incorrectly_applied|unit_price_mismatch|volume_discount_omitted,5705001,3406221,0.9532
INV-H2-000442,1,premium_incorrectly_applied|unit_price_mismatch|volume_discount_incorrectly_applied|volume_discount_omitted,51547227,2633430,0.9785
INV-H2-000443,1,premium_incorrectly_applied|unit_price_mismatch|volume_discount_incorrectly_applied,7892042,1714442,0.9529
INV-H2-000444,1,premium_incorrectly_applied|unit_price_mismatch|volume_discount_omitted,3340672,1808152,0.9825
INV-H2-000445,1,premium_incorrectly_applied|unit_price_mismatch|volume_discount_omitted,2633524,1867264,0.9596
INV-H2-000446,1,daily_cap_exceeded|premium_incorrectly_applied|service_date_after_invoice_date|service_date_out_of_window|unit_price_mismatch|volume_discount_incorrectly_applied|wrong_unit_basis,46418796,4057446,0.9586
INV-H2-000447,1,premium_incorrectly_applied|service_date_out_of_window|unit_price_mismatch|volume_discount_incorrectly_applied|volume_discount_omitted,29984213,3616607,0.9646
INV-H2-000448,1,premium_incorrectly_applied|unit_price_mismatch|volume_discount_omitted,4301088,3534828,0.9803
INV-H2-000449,1,premium_incorrectly_applied|unit_price_mismatch|volume_discount_incorrectly_applied,25214176,2821366,0.9755
INV-H2-000450,1,premium_incorrectly_applied|unit_price_mismatch|volume_discount_incorrectly_applied|volume_discount_omitted,21575213,1164383,0.9442
INV-H2-000451,1,premium_incorrectly_applied|unit_price_mismatch|volume_discount_incorrectly_applied,36544829,753854,0.9482
INV-H2-000452,1,premium_incorrectly_applied|unit_price_mismatch|volume_discount_incorrectly_applied,5603973,2030073,0.9808
INV-H2-000453,1,premium_incorrectly_applied|unit_price_mismatch|volume_discount_incorrectly_applied|volume_discount_omitted,26957315,2618660,0.9733
INV-H2-000454,1,premium_incorrectly_applied|unit_price_mismatch|volume_discount_incorrectly_applied,11409312,652962,0.9888
INV-H2-000455,0,,1630753,1630753,0.9531
INV-H2-000456,1,premium_incorrectly_applied|unit_price_mismatch|volume_discount_omitted,4649255,2350475,0.9583
INV-H2-000457,1,premium_incorrectly_applied|unit_price_mismatch|volume_discount_omitted,2735344,1969084,0.9612
INV-H2-000458,1,premium_incorrectly_applied|unit_price_mismatch|volume_discount_incorrectly_applied|volume_discount_omitted,10920706,1219696,0.6747
INV-H2-000459,0,,1475580,1475580,0.9841
INV-H2-000460,1,premium_incorrectly_applied|unit_price_mismatch|volume_discount_omitted,4019672,1720892,0.9812
INV-H2-000461,1,unit_price_mismatch|volume_discount_incorrectly_applied,8882139,2159420,0.9592
INV-H2-000462,0,,3616143,3616143,0.9540
INV-H2-000463,1,premium_incorrectly_applied|unit_price_mismatch|volume_discount_omitted,4809838,2511058,0.9581
INV-H2-000464,1,premium_incorrectly_applied|unit_price_mismatch|volume_discount_omitted,1216665,450405,0.9879
INV-H2-000465,1,premium_incorrectly_applied|unit_price_mismatch|volume_discount_incorrectly_applied,7095954,1735104,0.9890
INV-H2-000466,1,unit_price_mismatch|volume_discount_incorrectly_applied,16917874,2091634,0.9527
INV-H2-000467,0,,731706,731706,0.9579
INV-H2-000468,1,unit_price_mismatch|volume_discount_incorrectly_applied,8140630,1417911,0.9826
INV-H2-000469,1,premium_incorrectly_applied|unit_price_mismatch|volume_discount_omitted,4098163,1799383,0.9797
INV-H2-000470,0,,848500,848500,0.9817
INV-H2-000471,1,premium_incorrectly_applied|unit_price_mismatch|volume_discount_omitted,3413342,1880822,0.6808
INV-H2-000472,0,,4818240,4818240,0.9636
INV-H2-000473,1,cross_invoice_duplicate|premium_incorrectly_applied|premium_omitted|unit_price_mismatch|unknown_service|volume_discount_omitted,5429871,3336481,0.6735
INV-H2-000474,0,,2690366,2690366,0.9799
INV-H2-000475,0,,1571347,1571347,0.9649
INV-H2-000476,1,premium_incorrectly_applied|unit_price_mismatch|volume_discount_incorrectly_applied,33109588,840538,0.9574
INV-H2-000477,0,,1175492,1175492,0.9794
INV-H2-000478,1,premium_incorrectly_applied|unit_price_mismatch|volume_discount_incorrectly_applied,9390293,2811743,0.9815
INV-H2-000479,0,,1487956,1487956,0.9851
INV-H2-000480,1,premium_incorrectly_applied|unit_price_mismatch|volume_discount_incorrectly_applied,23703324,1052124,0.9838
INV-H2-000481,1,premium_incorrectly_applied|unit_price_mismatch|volume_discount_omitted,2709241,1942981,0.9520
INV-H2-000482,1,premium_incorrectly_applied|unit_price_mismatch|volume_discount_incorrectly_applied|volume_discount_omitted,15383305,2261845,0.9694
INV-H2-000483,1,premium_incorrectly_applied|unit_price_mismatch|volume_discount_omitted,3584194,2817934,0.9468
INV-H2-000484,1,premium_incorrectly_applied|unit_price_mismatch|volume_discount_incorrectly_applied,23279473,1766773,0.9640
INV-H2-000485,1,premium_incorrectly_applied|unit_price_mismatch|volume_discount_omitted,3539299,1240519,0.6878
INV-H2-000486,0,,3301850,3301850,0.9677
INV-H2-000487,0,,2302326,2302326,0.9771
INV-H2-000488,0,,2235260,2235260,0.9503
INV-H2-000489,1,premium_incorrectly_applied|unit_price_mismatch|volume_discount_incorrectly_applied,18002078,2652128,0.9759
INV-H2-000490,1,premium_incorrectly_applied|unit_price_mismatch|volume_discount_omitted,2850793,1318273,0.9714
INV-H2-000491,0,,3922968,3922968,0.9658
INV-H2-000492,1,premium_incorrectly_applied|unit_price_mismatch|volume_discount_omitted,4747707,3215187,0.6818
INV-H2-000493,1,premium_incorrectly_applied|unit_price_mismatch|volume_discount_incorrectly_applied|volume_discount_omitted,16521496,3246586,0.9558
INV-H2-000494,0,,1217533,1217533,0.6591
INV-H2-000495,1,premium_incorrectly_applied|unit_price_mismatch|volume_discount_omitted,3480810,1182030,0.6689
INV-H2-000496,0,,1186703,1186703,0.9565
INV-H2-000498,0,,3214850,3214850,0.9560
INV-H2-000499,1,premium_incorrectly_applied|unit_price_mismatch|volume_discount_omitted,6270113,3971333,0.9623
INV-H2-000500,1,premium_incorrectly_applied|unit_price_mismatch|volume_discount_omitted,3853235,2320715,0.9670
INV-H2-000501,1,premium_incorrectly_applied|unit_price_mismatch|volume_discount_incorrectly_applied|volume_discount_omitted,19794976,2146246,0.9560
INV-H2-000502,1,premium_incorrectly_applied|unit_price_mismatch|volume_discount_incorrectly_applied,13050434,2294084,0.9817
INV-H2-000503,1,premium_incorrectly_applied|unit_price_mismatch|volume_discount_omitted,6182027,4649507,0.6709
INV-H2-000504,0,,1227341,1227341,0.6896
INV-H2-000505,1,premium_incorrectly_applied|unit_price_mismatch|volume_discount_omitted,2079679,1313419,0.9725
INV-H2-000506,0,,2515516,2515516,0.6771
INV-H2-000507,1,premium_incorrectly_applied|unit_price_mismatch|volume_discount_omitted,3952024,3254536,0.9331
INV-H2-000508,1,premium_incorrectly_applied|unit_price_mismatch|volume_discount_omitted,4745420,3212900,0.9641
INV-H2-000509,1,invoice_total_mismatch|premium_incorrectly_applied|unit_price_mismatch|volume_discount_incorrectly_applied|volume_discount_omitted,29686623,4972669,0.9797
INV-H2-000510,1,premium_incorrectly_applied|unit_price_mismatch|volume_discount_omitted,2995787,2229527,0.9497
INV-H2-000511,0,,2811585,2811585,0.6772
INV-H2-000512,1,premium_incorrectly_applied|unit_price_mismatch|volume_discount_incorrectly_applied|volume_discount_omitted,35837862,3858882,0.6746
INV-H2-000513,0,,1178022,1178022,0.9347
INV-H2-000514,1,premium_incorrectly_applied|unit_price_mismatch|volume_discount_incorrectly_applied|volume_discount_omitted,29820921,2413761,0.9720
INV-H2-000515,1,premium_incorrectly_applied|unit_price_mismatch|volume_discount_incorrectly_applied,20885645,4751120,0.9745
INV-H2-000516,1,premium_incorrectly_applied|unit_price_mismatch|volume_discount_omitted,6118286,3819506,0.9589
INV-H2-000517,0,,599366,599366,0.9747
INV-H2-000518,0,,1392247,1392247,0.9511
INV-H2-000519,1,malformed_service_date|premium_incorrectly_applied|unit_price_mismatch|volume_discount_incorrectly_applied|wrong_unit_basis,8389933,4021008,0.6764
INV-H2-000520,1,premium_incorrectly_applied|unit_price_mismatch|volume_discount_omitted,4331248,1266208,0.9758
INV-H2-000521,0,,2393093,2393093,0.9667
INV-H2-000522,1,cross_invoice_duplicate|exclusion_window_violation|service_date_out_of_window,2053001,2437801,0.6888
INV-H2-000523,0,,2064963,2064963,0.6964
INV-H2-000524,1,premium_incorrectly_applied|unit_price_mismatch|volume_discount_incorrectly_applied,15187118,2678468,0.9759
INV-H2-000525,0,,3664609,3664609,0.9866
INV-H2-000526,1,premium_incorrectly_applied|unit_price_mismatch|volume_discount_omitted,5054499,3521979,0.9618
INV-H2-000527,1,premium_incorrectly_applied|unit_price_mismatch|volume_discount_incorrectly_applied,29263240,2372365,0.9625
INV-H2-000528,0,,1165989,1165989,0.9805
INV-H2-000529,1,premium_incorrectly_applied|unit_price_mismatch|volume_discount_incorrectly_applied|volume_discount_omitted,11711932,1942612,0.6864
INV-H2-000530,0,,2020950,2020950,0.9840
INV-H2-000531,0,,1912735,1912735,0.9547
INV-H2-000532,1,premium_incorrectly_applied|unit_price_mismatch|volume_discount_incorrectly_applied,17085743,1735793,0.9887
INV-H2-000533,1,premium_incorrectly_applied|unit_price_mismatch|volume_discount_incorrectly_applied,15924250,782200,0.9760
INV-H2-000534,1,premium_incorrectly_applied|unit_price_mismatch|volume_discount_incorrectly_applied,13696872,3400872,0.9639
INV-H2-000535,0,,3084252,3084252,0.9682
INV-H2-000536,1,premium_incorrectly_applied|unit_price_mismatch|volume_discount_incorrectly_applied|volume_discount_omitted,21140598,4239813,0.9598
INV-H2-000537,0,,3154210,3154210,0.9662
INV-H2-000538,1,premium_incorrectly_applied|unit_price_mismatch|volume_discount_omitted,5154345,2855565,0.9448
INV-H2-000539,0,,1054333,1054333,0.9610
INV-H2-000540,1,unit_price_mismatch|volume_discount_incorrectly_applied,22785943,2617786,0.9824
INV-H2-000541,0,,1250700,1250700,0.9327
INV-H2-000542,1,premium_incorrectly_applied|unit_price_mismatch|volume_discount_incorrectly_applied,13731832,5495032,0.9646
INV-H2-000543,1,premium_incorrectly_applied|unit_price_mismatch|volume_discount_incorrectly_applied,22312434,869034,0.9502
INV-H2-000544,0,,4361678,4361678,0.9794
INV-H2-000545,0,,3421058,3421058,0.9583
INV-H2-000546,1,unit_price_mismatch|volume_discount_incorrectly_applied,17703717,2877477,0.9712
INV-H2-000547,1,premium_incorrectly_applied|unit_price_mismatch|volume_discount_incorrectly_applied|volume_discount_omitted,17519968,2712538,0.9649
INV-H2-000548,1,premium_incorrectly_applied|unit_price_mismatch|volume_discount_omitted,3164445,1631925,0.9493
INV-H2-000549,1,bundle_not_applied|duplicate_invoice_id|invoice_total_mismatch|premium_incorrectly_applied|unit_price_mismatch|volume_discount_incorrectly_applied|volume_discount_omitted|wrong_unit_basis,43639862,1605618,0.9773
INV-H2-000550,0,,812880,812880,0.9747
INV-H2-000551,1,premium_incorrectly_applied|unit_price_mismatch|volume_discount_omitted,3421997,1889477,0.9609
INV-H2-000552,1,premium_incorrectly_applied|unit_price_mismatch|volume_discount_omitted,3111199,1578679,0.9378
INV-H2-000553,1,premium_incorrectly_applied|unit_price_mismatch|volume_discount_omitted,2110300,1344040,0.9501
INV-H2-000554,1,premium_incorrectly_applied|unit_price_mismatch|volume_discount_incorrectly_applied|volume_discount_omitted,41434384,1871014,0.9378
INV-H2-000555,0,,1392220,1392220,0.9713
INV-H2-000556,0,,2894291,2894291,0.9722
INV-H2-000557,0,,1961598,1961598,0.9744
INV-H2-000558,1,premium_incorrectly_applied|unit_price_mismatch|volume_discount_incorrectly_applied|volume_discount_omitted,13223860,1735900,0.9791
INV-H2-000559,0,,1558207,1558207,0.6690
INV-H2-000560,1,premium_incorrectly_applied|unit_price_mismatch|volume_discount_incorrectly_applied,56627070,3421995,0.9718
INV-H2-000561,1,malformed_service_date,3182220,3182220,0.9724
INV-H2-000562,1,premium_incorrectly_applied|unit_price_mismatch|volume_discount_omitted,3741061,2208541,0.9650
INV-H2-000563,1,premium_incorrectly_applied|unit_price_mismatch|volume_discount_incorrectly_applied|volume_discount_omitted,32535220,880960,0.6461
INV-H2-000564,1,premium_incorrectly_applied|unit_price_mismatch|volume_discount_incorrectly_applied,34471654,3032224,0.9753
INV-H2-000565,1,premium_incorrectly_applied|unit_price_mismatch|volume_discount_incorrectly_applied|volume_discount_omitted,11194206,2938967,0.9790
INV-H2-000566,1,premium_incorrectly_applied|unit_price_mismatch|volume_discount_omitted,5580330,3281550,0.9562
INV-H2-000567,1,premium_incorrectly_applied|unit_price_mismatch|volume_discount_incorrectly_applied,4871464,3084514,0.6869
INV-H2-000568,1,premium_incorrectly_applied|unit_price_mismatch|volume_discount_incorrectly_applied,26677748,2556398,0.9806
INV-H2-000569,1,premium_incorrectly_applied|unit_price_mismatch|volume_discount_incorrectly_applied|volume_discount_omitted,18247885,1295125,0.9598
INV-H2-000570,0,,805834,805834,0.9730
INV-H2-000571,0,,1573084,1573084,0.9778
INV-H2-000573,0,,1790852,1790852,0.9259
INV-H2-000574,1,premium_incorrectly_applied|unit_price_mismatch|volume_discount_incorrectly_applied,29194621,4484221,0.9695
INV-H2-000575,1,premium_incorrectly_applied|unit_price_mismatch|volume_discount_omitted,4229355,1930575,0.9843
INV-H2-000576,0,,1687395,1687395,0.9666
INV-H2-000577,0,,3136349,3136349,0.6843
INV-H2-000578,1,premium_incorrectly_applied|unit_price_mismatch|volume_discount_omitted,3656514,1357734,0.9620
INV-H2-000579,1,premium_incorrectly_applied|unit_price_mismatch|volume_discount_incorrectly_applied|volume_discount_omitted,21005049,2126739,0.9562
INV-H2-000580,1,premium_incorrectly_applied|unit_price_mismatch|volume_discount_incorrectly_applied,44619813,2628963,0.9752
INV-H2-000581,0,,2793115,2793115,0.6829
INV-H2-000582,1,premium_incorrectly_applied|unit_price_mismatch|volume_discount_incorrectly_applied|volume_discount_omitted,25134244,3945274,0.9662
INV-H2-000583,0,,3228763,3228763,0.9766
INV-H2-000584,0,,806310,806310,0.9890
INV-H2-000585,1,premium_incorrectly_applied|unit_price_mismatch|volume_discount_incorrectly_applied|volume_discount_omitted,31203293,3546158,0.6508
INV-H2-000586,1,premium_incorrectly_applied|unit_price_mismatch|volume_discount_incorrectly_applied,51436151,2641526,0.9572
INV-H2-000587,1,premium_incorrectly_applied|unit_price_mismatch|volume_discount_omitted,5602268,3303488,0.6795
INV-H2-000588,1,premium_incorrectly_applied|unit_price_mismatch|volume_discount_incorrectly_applied,6909034,2523334,0.9780
INV-H2-000589,1,premium_incorrectly_applied|unit_price_mismatch|volume_discount_incorrectly_applied,11178905,2244155,0.9846
INV-H2-000590,1,premium_incorrectly_applied|unit_price_mismatch|volume_discount_incorrectly_applied|volume_discount_omitted,26033713,2785543,0.9707
INV-H2-000591,1,premium_incorrectly_applied|unit_price_mismatch|volume_discount_incorrectly_applied,13371422,862772,0.9775
INV-H2-000592,0,,2916885,2916885,0.6701
INV-H2-000593,0,,2942192,2942192,0.9810
INV-H2-000594,1,premium_incorrectly_applied|unit_price_mismatch|volume_discount_incorrectly_applied,18111964,1757164,0.9674
INV-H2-000595,1,daily_cap_exceeded|premium_incorrectly_applied|unit_price_mismatch|volume_discount_omitted,6510165,5472120,0.9819
INV-H2-000596,1,premium_incorrectly_applied|unit_price_mismatch|volume_discount_incorrectly_applied,15959814,2802714,0.9748
INV-H2-000597,1,premium_incorrectly_applied|unit_price_mismatch|volume_discount_incorrectly_applied,30027493,2626768,0.9660
INV-H2-000598,1,premium_incorrectly_applied|unit_price_mismatch|volume_discount_incorrectly_applied|volume_discount_omitted,24155837,2966867,0.9516
INV-H2-000599,1,premium_incorrectly_applied|unit_price_mismatch|volume_discount_incorrectly_applied,22655613,2919963,0.9599
INV-H2-000600,1,premium_incorrectly_applied|unit_price_mismatch|volume_discount_incorrectly_applied,23832051,2319351,0.9773
INV-H2-000601,0,,1432869,1432869,0.9791
INV-H2-000602,1,premium_incorrectly_applied|unit_price_mismatch|volume_discount_omitted,4012294,2479774,0.9761
INV-H2-000603,0,,1882190,1882190,0.9733
INV-H2-000604,1,premium_incorrectly_applied|unit_price_mismatch|volume_discount_incorrectly_applied|volume_discount_omitted,31437646,4240861,0.9747
INV-H2-000605,1,premium_incorrectly_applied|unit_price_mismatch|volume_discount_omitted,5277753,2978973,0.9842
INV-H2-000606,0,,1805800,1805800,0.9845
INV-H2-000607,1,premium_incorrectly_applied|unit_price_mismatch|volume_discount_incorrectly_applied|volume_discount_omitted,12545664,1817036,0.9787
INV-H2-000608,0,,2344333,2344333,0.6676
INV-H2-000609,1,premium_incorrectly_applied|unit_price_mismatch|volume_discount_incorrectly_applied|volume_discount_omitted,55912272,5579682,0.9804
INV-H2-000610,1,premium_incorrectly_applied|unit_price_mismatch,2512420,2768134,0.9748
INV-H2-000611,0,,762698,762698,0.9590
INV-H2-000613,0,,3596316,3596316,0.9687
INV-H2-000614,1,premium_incorrectly_applied|unit_price_mismatch|volume_discount_incorrectly_applied,34741788,2472738,0.9818
INV-H2-000615,1,premium_incorrectly_applied|unit_price_mismatch|volume_discount_incorrectly_applied,14879217,2524017,0.9606
INV-H2-000616,0,,1191206,1191206,0.9752
INV-H2-000617,0,,2405578,2405578,0.6800
INV-H2-000618,1,premium_incorrectly_applied|unit_price_mismatch|volume_discount_incorrectly_applied|volume_discount_omitted,15684478,1829923,0.9722
INV-H2-000619,1,premium_incorrectly_applied|unit_price_mismatch|volume_discount_omitted,3347582,2581322,0.9668
INV-H2-000620,0,,4885679,4885679,0.9789
INV-H2-000621,0,,1124301,1124301,0.9807
INV-H2-000622,0,,1882260,1882260,0.9814
INV-H2-000623,1,premium_incorrectly_applied|unit_price_mismatch|volume_discount_incorrectly_applied,21429523,2896723,0.9616
INV-H2-000624,1,premium_incorrectly_applied|unit_price_mismatch|volume_discount_incorrectly_applied,28143805,4022455,0.9646
INV-H2-000625,1,premium_incorrectly_applied|unit_price_mismatch|volume_discount_omitted,2881555,1379179,0.9632
INV-H2-000626,0,,4145553,4145553,0.9715
INV-H2-000627,1,premium_incorrectly_applied|unit_price_mismatch|volume_discount_incorrectly_applied,37577056,1786081,0.6800
INV-H2-000628,0,,577005,577005,0.9627
INV-H2-000629,1,premium_incorrectly_applied|unit_price_mismatch|volume_discount_incorrectly_applied|volume_discount_omitted,9635204,2290394,0.9788
INV-H2-000630,1,premium_incorrectly_applied|unit_price_mismatch|volume_discount_omitted,2735174,1202654,0.9302
INV-H2-000631,0,,3531903,3531903,0.9864
INV-H2-000632,1,premium_incorrectly_applied|unit_price_mismatch|volume_discount_incorrectly_applied,25407770,6329851,0.9745
INV-H2-000633,1,premium_incorrectly_applied|unit_price_mismatch|volume_discount_incorrectly_applied,16464606,1114656,0.9764
INV-H2-000634,1,premium_incorrectly_applied|unit_price_mismatch|volume_discount_incorrectly_applied,50062525,4638849,0.9785
INV-H2-000635,1,premium_incorrectly_applied|unit_price_mismatch|volume_discount_incorrectly_applied,22648740,1136040,0.9895
INV-H2-000637,1,premium_incorrectly_applied|unit_price_mismatch|volume_discount_incorrectly_applied,22320169,1728169,0.9764
INV-H2-000638,1,premium_incorrectly_applied|unit_price_mismatch|volume_discount_incorrectly_applied|volume_discount_omitted,16656672,3381762,0.9594
INV-H2-000639,0,,2198076,2198076,0.6565
INV-H2-000640,1,premium_incorrectly_applied|unit_price_mismatch|volume_discount_incorrectly_applied,9145434,908634,0.6702
INV-H2-000641,1,premium_incorrectly_applied|unit_price_mismatch|volume_discount_incorrectly_applied,10999975,2763175,0.9801
INV-H2-000642,1,premium_incorrectly_applied|unit_price_mismatch|volume_discount_incorrectly_applied,13626583,2904883,0.9793
INV-H2-000643,1,premium_incorrectly_applied|unit_price_mismatch|volume_discount_incorrectly_applied,13662771,2698521,0.9803
INV-H2-000644,0,,1398308,1398308,0.9644
INV-H2-000645,0,,2258476,2258476,0.9754
INV-H2-000646,1,premium_incorrectly_applied|unit_price_mismatch|volume_discount_incorrectly_applied|volume_discount_omitted,21695914,4456054,0.9803
INV-H2-000647,1,premium_incorrectly_applied|unit_price_mismatch|volume_discount_incorrectly_applied,26189498,2068148,0.9594
INV-H2-000648,1,premium_incorrectly_applied|unit_price_mismatch|volume_discount_omitted,4232524,2700004,0.9726
INV-H2-000649,0,,1552032,1552032,0.9584
INV-H2-000650,0,,2432083,2432083,0.6816
INV-H2-000651,1,premium_incorrectly_applied|unit_price_mismatch|volume_discount_incorrectly_applied|volume_discount_omitted,9293697,3375477,0.6732
INV-H2-000652,0,,2483214,2483214,0.6710
INV-H2-000653,1,premium_incorrectly_applied|unit_price_mismatch|volume_discount_omitted,3767557,1468777,0.9572
INV-H2-000654,1,premium_incorrectly_applied|unit_price_mismatch|volume_discount_omitted,1986162,1219902,0.9828
INV-H2-000655,1,premium_incorrectly_applied|unit_price_mismatch|volume_discount_incorrectly_applied|volume_discount_omitted,24121854,3699144,0.6902
INV-H2-000656,1,premium_incorrectly_applied|unit_price_mismatch|volume_discount_incorrectly_applied,22872155,3136505,0.6767
INV-H2-000657,0,,2413294,2413294,0.9642
INV-H2-000658,1,premium_incorrectly_applied|unit_price_mismatch|volume_discount_incorrectly_applied,25026164,3097664,0.9779
INV-H2-000659,0,,2083537,2083537,0.9627
INV-H2-000660,1,premium_incorrectly_applied|unit_price_mismatch|volume_discount_omitted,1930375,1164115,0.6583
INV-H2-000661,1,invoice_total_mismatch|premium_incorrectly_applied|unit_price_mismatch|volume_discount_incorrectly_applied,1599774,1600124,0.6441
INV-H2-000662,1,premium_incorrectly_applied|service_date_after_invoice_date|service_date_out_of_window|unit_price_mismatch|volume_discount_incorrectly_applied,2105417,2167344,0.9750
INV-H2-000663,1,premium_incorrectly_applied|unit_price_mismatch|volume_discount_incorrectly_applied|volume_discount_omitted,39828799,4682684,0.6668
INV-H2-000664,1,premium_incorrectly_applied|unit_price_mismatch|volume_discount_omitted,4628390,3095870,0.6846
INV-H2-000665,1,premium_incorrectly_applied|unit_price_mismatch|volume_discount_incorrectly_applied|volume_discount_omitted,7773743,2621783,0.6901
INV-H2-000666,1,premium_incorrectly_applied|unit_price_mismatch|volume_discount_incorrectly_applied|volume_discount_omitted,41071145,1621625,0.9551
INV-H2-000667,1,premium_incorrectly_applied|unit_price_mismatch|volume_discount_incorrectly_applied,25820102,3168902,0.6790
INV-H2-000668,1,premium_incorrectly_applied|unit_price_mismatch|volume_discount_omitted,6192925,3127885,0.9560
INV-H2-000669,1,premium_incorrectly_applied|unit_price_mismatch|volume_discount_omitted,4015373,1716593,0.9754
INV-H2-000670,1,premium_incorrectly_applied|unit_price_mismatch|volume_discount_incorrectly_applied,21200165,2667365,0.9737
INV-H2-000671,1,premium_incorrectly_applied|unit_price_mismatch|volume_discount_incorrectly_applied|volume_discount_omitted,40080399,3704829,0.9665
INV-H2-000672,1,premium_incorrectly_applied|unit_price_mismatch|volume_discount_incorrectly_applied|volume_discount_omitted,17037075,3149355,0.9717
INV-H2-000673,1,premium_incorrectly_applied|unit_price_mismatch|volume_discount_omitted,2549963,1783703,0.9442
INV-H2-000674,0,,3512287,3512287,0.9601
INV-H2-000675,0,,2606740,2606740,0.6748
INV-H2-000676,1,premium_incorrectly_applied|unit_price_mismatch|volume_discount_incorrectly_applied|volume_discount_omitted,11475477,3815847,0.6816
INV-H2-000677,0,,2188524,2188524,0.6864
INV-H2-000678,1,premium_incorrectly_applied|unit_price_mismatch|volume_discount_incorrectly_applied,30212173,4303873,0.9544
INV-H2-000679,1,premium_incorrectly_applied|unit_price_mismatch|volume_discount_incorrectly_applied,20561153,2691653,0.9706
INV-H2-000680,0,,3026199,3026199,0.9753
INV-H2-000681,1,premium_incorrectly_applied|unit_price_mismatch|volume_discount_incorrectly_applied,7972802,3587102,0.9827
INV-H2-000682,0,,1652930,1652930,0.9691
INV-H2-000683,1,premium_incorrectly_applied|unit_price_mismatch|volume_discount_incorrectly_applied,15639545,3284345,0.9791
INV-H2-000684,1,malformed_service_date|premium_incorrectly_applied|unit_price_mismatch|volume_discount_incorrectly_applied,15483427,2974777,0.9706
INV-H2-000685,1,premium_incorrectly_applied|unit_price_mismatch|volume_discount_incorrectly_applied|volume_discount_omitted,10210512,672852,0.9792
INV-H2-000686,1,premium_incorrectly_applied|unit_price_mismatch|volume_discount_omitted,4506988,3740728,0.9775
INV-H2-000687,1,unit_price_mismatch|volume_discount_incorrectly_applied,8902654,1489534,0.9495
INV-H2-000688,1,premium_incorrectly_applied|unit_price_mismatch|volume_discount_incorrectly_applied|volume_discount_omitted,25018691,1207211,0.9461
INV-H2-000689,1,premium_incorrectly_applied|unit_price_mismatch|volume_discount_incorrectly_applied,25352540,3909140,0.9632
INV-H2-000690,1,unit_price_mismatch|volume_discount_incorrectly_applied,41245807,909493,0.9819
INV-H2-000691,1,premium_incorrectly_applied|unit_price_mismatch|volume_discount_incorrectly_applied|volume_discount_omitted,10105313,4187093,0.9747
INV-H2-000692,0,,821160,821160,0.9643
INV-H2-000693,0,,3684794,3684794,0.9774
INV-H2-000694,1,premium_incorrectly_applied|unit_price_mismatch|volume_discount_incorrectly_applied,30265293,2961093,0.9729
INV-H2-000695,0,,2759671,2759671,0.9789
INV-H2-000696,1,premium_incorrectly_applied|unit_price_mismatch|volume_discount_incorrectly_applied,20670343,2800843,0.9759
INV-H2-000697,1,premium_incorrectly_applied|unit_price_mismatch|volume_discount_incorrectly_applied,8872751,1724951,0.9569
INV-H2-000698,1,premium_incorrectly_applied|unit_price_mismatch|volume_discount_incorrectly_applied|volume_discount_omitted,21446940,3015120,0.9592
INV-H2-000699,1,premium_incorrectly_applied|unit_price_mismatch|volume_discount_incorrectly_applied,19957596,3875046,0.6894
INV-H2-000700,0,,3090573,3090573,0.9788
INV-H2-000701,1,premium_incorrectly_applied|unit_price_mismatch|volume_discount_incorrectly_applied,58008876,3088626,0.9796
INV-H2-000702,1,premium_incorrectly_applied|unit_price_mismatch|volume_discount_incorrectly_applied,19589902,3507352,0.6765
INV-H2-000703,1,premium_incorrectly_applied|unit_price_mismatch|volume_discount_incorrectly_applied,22108665,3021465,0.9646
INV-H2-000704,1,premium_incorrectly_applied|unit_price_mismatch|volume_discount_incorrectly_applied,36917469,4648419,0.9715
INV-H2-000705,1,premium_incorrectly_applied|unit_price_mismatch|volume_discount_incorrectly_applied,29805148,2914273,0.9693
INV-H2-000706,1,premium_incorrectly_applied|unit_price_mismatch|volume_discount_incorrectly_applied,29651242,2760367,0.6697
INV-H2-000707,1,premium_incorrectly_applied|unit_price_mismatch|volume_discount_incorrectly_applied|volume_discount_omitted,11909457,3032127,0.9593
INV-H2-000708,0,,742147,742147,0.9604
INV-H2-000709,0,,1259718,1259718,0.9602
INV-H2-000710,0,,3941607,3941607,0.9700
INV-H2-000711,0,,2541681,2541681,0.9765
INV-H2-000712,0,,3060317,3060317,0.9700
INV-H2-000713,1,premium_incorrectly_applied|unit_price_mismatch|volume_discount_incorrectly_applied|volume_discount_omitted,15470741,3170981,0.9671
INV-H2-000714,0,,4240210,4240210,0.9813
INV-H2-000715,1,premium_incorrectly_applied|unit_price_mismatch|volume_discount_omitted,4272055,3505795,0.9746
INV-H2-000716,1,premium_incorrectly_applied|unit_price_mismatch|volume_discount_incorrectly_applied,25721848,3793348,0.9676
INV-H2-000717,0,,4142953,4142953,0.9597
INV-H2-000718,1,premium_incorrectly_applied|unit_price_mismatch|volume_discount_incorrectly_applied,17867661,1785111,0.9681
INV-H2-000719,1,premium_incorrectly_applied|unit_price_mismatch|volume_discount_incorrectly_applied,18998063,1128563,0.9800
INV-H2-000720,1,premium_incorrectly_applied|unit_price_mismatch|volume_discount_incorrectly_applied|volume_discount_omitted,6134119,2814649,0.9672
INV-H2-000721,1,premium_incorrectly_applied|unit_price_mismatch|volume_discount_omitted,4312247,2779727,0.9663
INV-H2-000722,1,premium_incorrectly_applied|unit_price_mismatch|volume_discount_omitted,2639285,1106765,0.9666
INV-H2-000723,0,,2758055,2758055,0.9759
INV-H2-000724,1,unit_price_mismatch|volume_discount_incorrectly_applied,22960122,3191802,0.9861
INV-H2-000725,0,,4558114,4558114,0.9727
INV-H2-000726,0,,2982991,2982991,0.6764
INV-H2-000727,1,premium_incorrectly_applied|unit_price_mismatch|volume_discount_incorrectly_applied,14750336,1593236,0.6835
INV-H2-000728,0,,1762947,1762947,0.9886
INV-H2-000729,1,premium_incorrectly_applied|unit_price_mismatch|volume_discount_incorrectly_applied|volume_discount_omitted,50448411,4363911,0.9763
INV-H2-000730,0,,2461898,2461898,0.6794
INV-H2-000731,1,premium_incorrectly_applied|unit_price_mismatch|volume_discount_incorrectly_applied,23971358,2458658,0.9835
INV-H2-000732,1,premium_incorrectly_applied|unit_price_mismatch|volume_discount_incorrectly_applied,5170512,2977662,0.9640
INV-H2-000733,1,premium_incorrectly_applied|unit_price_mismatch|wrong_unit_basis,3879271,4753896,0.6837
INV-H2-000734,0,,873763,873763,0.9570
INV-H2-000735,1,premium_incorrectly_applied|unit_price_mismatch|volume_discount_incorrectly_applied,6660400,1282225,0.9809
INV-H2-000736,0,,1522600,1522600,0.9243
INV-H2-000737,0,,3394300,3394300,0.9720
INV-H2-000738,1,premium_incorrectly_applied|unit_price_mismatch|volume_discount_incorrectly_applied,22400929,4531429,0.9744
INV-H2-000739,1,premium_incorrectly_applied|unit_price_mismatch|volume_discount_incorrectly_applied|volume_discount_omitted,24946890,1322520,0.9480
INV-H2-000740,1,premium_incorrectly_applied|unit_price_mismatch|volume_discount_incorrectly_applied,7819675,1642075,0.9675
INV-H2-000741,0,,746350,746350,0.9781
INV-H2-000742,0,,2587287,2587287,0.9673
INV-H2-000743,1,premium_incorrectly_applied|premium_omitted|unit_price_mismatch|volume_discount_incorrectly_applied|volume_discount_omitted,24590537,1843727,0.9825
INV-H2-000744,1,line_total_arithmetic|premium_incorrectly_applied|unit_price_mismatch|volume_discount_incorrectly_applied|volume_discount_omitted,27092747,2170400,0.9683
INV-H2-000745,1,premium_incorrectly_applied|unit_price_mismatch|volume_discount_incorrectly_applied,11377351,4798801,0.9770
INV-H2-000746,1,premium_incorrectly_applied|unit_price_mismatch|volume_discount_incorrectly_applied|volume_discount_omitted,21743050,1574770,0.9592
INV-H2-000747,1,premium_incorrectly_applied|unit_price_mismatch|volume_discount_incorrectly_applied,19406772,1537272,0.6676
INV-H2-000748,0,,3360182,3360182,0.9790
INV-H2-000749,1,premium_incorrectly_applied|unit_price_mismatch|volume_discount_omitted,6384691,3319651,0.9432
INV-H2-000750,1,premium_incorrectly_applied|unit_price_mismatch|volume_discount_omitted,3552527,1253747,0.9543
INV-H2-000751,1,premium_incorrectly_applied|unit_price_mismatch|volume_discount_incorrectly_applied|volume_discount_omitted,11327715,1626705,0.9647
INV-H2-000752,1,malformed_service_date|wrong_unit_basis,1570251,1570251,0.9807
INV-H2-000753,1,premium_incorrectly_applied|unit_price_mismatch|volume_discount_incorrectly_applied,10647929,3500129,0.9559
INV-H2-000754,1,premium_incorrectly_applied|unit_price_mismatch|volume_discount_incorrectly_applied,31346531,4507631,0.9744
INV-H2-000755,1,premium_incorrectly_applied|unit_price_mismatch|volume_discount_incorrectly_applied|volume_discount_omitted,21870485,5157305,0.9667
INV-H2-000756,0,,3824998,3824998,0.9673
INV-H2-000757,1,premium_incorrectly_applied|unit_price_mismatch|volume_discount_incorrectly_applied,23225400,1782000,0.9700
INV-H2-000758,1,premium_incorrectly_applied|unit_price_mismatch|volume_discount_incorrectly_applied|volume_discount_omitted,18799023,3991593,0.9557
INV-H2-000759,1,premium_incorrectly_applied|unit_price_mismatch|volume_discount_omitted,2904125,1371605,0.9681
INV-H2-000760,0,,1642789,1642789,0.9362
INV-H2-000761,1,premium_incorrectly_applied|unit_price_mismatch|volume_discount_incorrectly_applied|volume_discount_omitted,18679076,2934858,0.9820
INV-H2-000762,0,,1232419,1232419,0.9447
INV-H2-000763,0,,1102120,1102120,0.9695
INV-H2-000764,0,,1062263,1062263,0.9848
INV-H2-000765,0,,1105935,1105935,0.9570
INV-H2-000766,0,,3930652,3930652,0.9691
INV-H2-000767,1,premium_incorrectly_applied|unit_price_mismatch|volume_discount_omitted,4427110,2128330,0.9673
INV-H2-000768,1,premium_incorrectly_applied|unit_price_mismatch|volume_discount_omitted,3875543,1576763,0.6650
INV-H2-000769,0,,1143304,1143304,0.9793
INV-H2-000771,1,premium_incorrectly_applied|unit_price_mismatch|volume_discount_incorrectly_applied,3719482,1932532,0.9668
INV-H2-000772,1,premium_incorrectly_applied|unit_price_mismatch|volume_discount_incorrectly_applied,5754570,2180670,0.9742
INV-H2-000773,0,,1935741,1935741,0.6780
INV-H2-000774,1,premium_incorrectly_applied|unit_price_mismatch|volume_discount_incorrectly_applied|volume_discount_omitted,15338552,2841782,0.9683
INV-H2-000775,1,premium_incorrectly_applied|unit_price_mismatch|volume_discount_incorrectly_applied,11540426,3303626,0.6868
INV-H2-000776,1,premium_incorrectly_applied|unit_price_mismatch|volume_discount_omitted,3796620,1497840,0.9615
INV-H2-000777,1,premium_incorrectly_applied|unit_price_mismatch|volume_discount_incorrectly_applied|volume_discount_omitted,51044566,3599806,0.6854
INV-H2-000778,1,premium_incorrectly_applied|unit_price_mismatch|volume_discount_omitted,4307865,2775345,0.9798
INV-H2-000779,0,,797743,797743,0.9861
INV-H2-000780,0,,1277900,1277900,0.9817
INV-H2-000781,1,premium_incorrectly_applied|unit_price_mismatch|volume_discount_incorrectly_applied|volume_discount_omitted,19632788,4176908,0.9426
INV-H2-000782,1,premium_incorrectly_applied|unit_price_mismatch|volume_discount_incorrectly_applied|volume_discount_omitted,18284280,3222420,0.6766
INV-H2-000783,1,premium_incorrectly_applied|service_date_after_invoice_date|unit_price_mismatch|volume_discount_incorrectly_applied|volume_discount_omitted|wrong_unit_basis,4269567,2563422,0.6654
INV-H2-000784,1,premium_incorrectly_applied|unit_price_mismatch|volume_discount_omitted,1508190,741930,0.9598
INV-H2-000785,0,,4069007,4069007,0.6825
INV-H2-000786,1,premium_incorrectly_applied|unit_price_mismatch|volume_discount_incorrectly_applied,14105253,3141003,0.9730
INV-H2-000787,1,premium_incorrectly_applied|unit_price_mismatch|volume_discount_incorrectly_applied,7050865,3476965,0.9676
INV-H2-000788,1,premium_incorrectly_applied|unit_price_mismatch|volume_discount_incorrectly_applied,18518168,2383643,0.9599
INV-H2-000789,0,,3371584,3371584,0.6910
INV-H2-000790,1,unit_price_mismatch|volume_discount_incorrectly_applied,30306808,3125368,0.6769
INV-H2-000791,1,premium_incorrectly_applied|unit_price_mismatch|volume_discount_omitted,5465697,3166917,0.9419
INV-H2-000792,0,,3692155,3692155,0.9619
INV-H2-000793,0,,2006795,2006795,0.9733
INV-H2-000794,1,premium_incorrectly_applied|unit_price_mismatch|volume_discount_incorrectly_applied,18595262,2921087,0.9759
INV-H2-000795,1,premium_incorrectly_applied|unit_price_mismatch|volume_discount_omitted,4860133,2561353,0.9586
INV-H2-000796,1,premium_incorrectly_applied|unit_price_mismatch|volume_discount_incorrectly_applied|volume_discount_omitted,28992928,1983748,0.9788
INV-H2-000797,0,,1773536,1773536,0.9758
INV-H2-000798,1,premium_incorrectly_applied|unit_price_mismatch|volume_discount_incorrectly_applied,8339808,3954108,0.9441
INV-H2-000799,1,premium_incorrectly_applied|unit_price_mismatch|volume_discount_incorrectly_applied|volume_discount_omitted,10792179,3386979,0.9821
INV-H2-000800,1,premium_incorrectly_applied|service_date_out_of_window|unit_price_mismatch|volume_discount_incorrectly_applied,25092406,3262287,0.9687
INV-H2-000801,1,premium_incorrectly_applied|unit_price_mismatch|volume_discount_incorrectly_applied|volume_discount_omitted,9512849,2168039,0.9689
INV-H2-000802,1,unit_price_mismatch|volume_discount_incorrectly_applied,17531531,4086093,0.9777
INV-H2-000803,0,,2794537,2794537,0.9817
INV-H2-000804,1,premium_incorrectly_applied|unit_price_mismatch|volume_discount_omitted,5597546,3298766,0.9536
INV-H2-000805,1,premium_incorrectly_applied|unit_price_mismatch|volume_discount_omitted,3633868,2101348,0.9790
INV-H2-000806,0,,3197789,3197789,0.6965
INV-H2-000807,1,premium_incorrectly_applied|unit_price_mismatch|volume_discount_omitted,7237026,2639466,0.9783
INV-H2-000808,1,premium_incorrectly_applied|unit_price_mismatch|volume_discount_incorrectly_applied,12607590,1851240,0.9697
INV-H2-000809,1,premium_incorrectly_applied|unit_price_mismatch|volume_discount_incorrectly_applied,19040567,1497767,0.9588
INV-H2-000810,0,,674737,674737,0.9775
INV-H2-000811,1,premium_incorrectly_applied|unit_price_mismatch|volume_discount_incorrectly_applied|volume_discount_omitted,9027203,1367573,0.9396
INV-H2-000812,1,premium_incorrectly_applied|unit_price_mismatch|volume_discount_incorrectly_applied|volume_discount_omitted,43099029,2149659,0.9594
INV-H2-000813,0,,1259475,1259475,0.9753
INV-H2-000814,1,premium_incorrectly_applied|unit_price_mismatch|volume_discount_incorrectly_applied,39308965,3908420,0.9725
INV-H2-000815,0,,2359169,2359169,0.9538
INV-H2-000816,1,premium_incorrectly_applied|unit_price_mismatch|volume_discount_incorrectly_applied,27851894,1899044,0.6840
INV-H2-000817,0,,3930565,3930565,0.9677
INV-H2-000818,1,contract_number_mismatch|exclusion_window_violation|premium_incorrectly_applied|unit_price_mismatch|volume_discount_incorrectly_applied,28431209,1786734,0.9804
INV-H2-000819,1,premium_incorrectly_applied|unit_price_mismatch|volume_discount_incorrectly_applied|volume_discount_omitted,21442122,1600542,0.6810
INV-H2-000820,0,,3602804,3602804,0.6945
INV-H2-000821,0,,2009157,2009157,0.9620
INV-H2-000822,0,,1834615,1834615,0.9725
INV-H2-000823,0,,1616874,1616874,0.9876
INV-H2-000824,0,,1783839,1783839,0.6853
INV-H2-000825,1,premium_incorrectly_applied|unit_price_mismatch|volume_discount_omitted,4307216,2774696,0.9591
INV-H2-000826,0,,3270588,3270588,0.9794
INV-H2-000827,1,premium_incorrectly_applied|unit_price_mismatch|volume_discount_incorrectly_applied,19147174,2673574,0.9707
INV-H2-000828,0,,3828953,3828953,0.9710
INV-H2-000829,1,premium_incorrectly_applied|unit_price_mismatch|volume_discount_incorrectly_applied,27793825,1296475,0.9782
INV-H2-000830,1,premium_incorrectly_applied|premium_omitted|unit_price_mismatch|volume_discount_incorrectly_applied,5464553,1878566,0.9616
INV-H2-000831,0,,1961747,1961747,0.9462
INV-H2-000832,0,,2144903,2144903,0.9444
INV-H2-000833,1,premium_incorrectly_applied|unit_price_mismatch|volume_discount_incorrectly_applied,26648120,5204720,0.9734
INV-H2-000834,0,,908205,908205,0.9824
INV-H2-000835,1,premium_incorrectly_applied|unit_price_mismatch|volume_discount_omitted|wrong_unit_basis,3112856,814076,0.9831
INV-H2-000836,0,,3991765,3991765,0.9724
INV-H2-000837,0,,2944435,2944435,0.9655
INV-H2-000838,0,,2425388,2425388,0.9651
INV-H2-000839,1,premium_incorrectly_applied|unit_price_mismatch|volume_discount_incorrectly_applied,16279593,1865193,0.9591
INV-H2-000840,1,premium_incorrectly_applied|unit_price_mismatch|volume_discount_omitted,5048311,2749531,0.9622
INV-H2-000841,0,,2554005,2554005,0.9683
INV-H2-000842,1,premium_incorrectly_applied|unit_price_mismatch|volume_discount_incorrectly_applied,33022162,753112,0.9597
INV-H2-000843,1,line_total_arithmetic|premium_incorrectly_applied|service_date_after_invoice_date|unit_price_mismatch|volume_discount_omitted,3079513,1031048,0.9857
INV-H2-000844,1,daily_cap_exceeded|premium_incorrectly_applied|unit_price_mismatch|volume_discount_incorrectly_applied|volume_discount_omitted,31849452,2187312,0.9562
INV-H2-000845,1,premium_incorrectly_applied|unit_price_mismatch|volume_discount_omitted,7425629,3594329,0.6871
INV-H2-000846,1,premium_incorrectly_applied|unit_price_mismatch|volume_discount_incorrectly_applied,16975706,2680106,0.9759
INV-H2-000847,1,premium_incorrectly_applied|unit_price_mismatch|volume_discount_incorrectly_applied,7860745,1683145,0.9893
INV-H2-000848,1,premium_incorrectly_applied|unit_price_mismatch|volume_discount_omitted,3747881,2981621,0.9451
INV-H2-000849,0,,1207808,1207808,0.6838
INV-H2-000850,1,premium_incorrectly_applied|unit_price_mismatch|volume_discount_incorrectly_applied,28144011,995241,0.6592
INV-H2-000851,0,,2787553,2787553,0.9677
INV-H2-000852,1,bundle_not_applied|premium_incorrectly_applied|unit_price_mismatch|volume_discount_incorrectly_applied,25241347,3860247,0.6864
INV-H2-000853,1,premium_incorrectly_applied|unit_price_mismatch|volume_discount_omitted,2754240,1987980,0.9444
INV-H2-000854,0,,2887999,2887999,0.9776
INV-H2-000855,0,,4143130,4143130,0.9790
INV-H2-000856,0,,3712565,3712565,0.9587
INV-H2-000857,0,,1161300,1161300,0.9892
INV-H2-000858,0,,1256173,1256173,0.9880
INV-H2-000859,1,premium_incorrectly_applied|unit_price_mismatch|volume_discount_omitted,3851904,2319384,0.9698
INV-H2-000860,1,premium_incorrectly_applied|unit_price_mismatch|volume_discount_omitted,5478835,881275,0.9439
INV-H2-000861,0,,864006,864006,0.9720
INV-H2-000862,1,premium_incorrectly_applied|unit_price_mismatch|volume_discount_incorrectly_applied|volume_discount_omitted,8743321,2616211,0.9600
INV-H2-000863,0,,3633341,3633341,0.6876
INV-H2-000864,0,,3362605,3362605,0.9493
INV-H2-000865,0,,3562260,3562260,0.9772
INV-H2-000866,1,unit_price_mismatch|volume_discount_incorrectly_applied,18111744,4666306,0.9733
INV-H2-000867,1,premium_incorrectly_applied|unit_price_mismatch|volume_discount_omitted,3254767,2488507,0.9681
INV-H2-000868,1,premium_incorrectly_applied|unit_price_mismatch|volume_discount_incorrectly_applied|volume_discount_omitted,21462175,630595,0.9597
INV-H2-000869,1,premium_incorrectly_applied|unit_price_mismatch|volume_discount_incorrectly_applied|volume_discount_omitted,10134108,3190248,0.9855
INV-H2-000870,1,premium_incorrectly_applied|unit_price_mismatch|volume_discount_incorrectly_applied,70458708,1802208,0.6797
INV-H2-000871,0,,990570,990570,0.6667
INV-H2-000872,1,premium_incorrectly_applied|unit_price_mismatch|volume_discount_omitted,2445392,1679132,0.9793
INV-H2-000873,0,,1664581,1664581,0.9701
INV-H2-000874,0,,2410707,2410707,0.6791
INV-H2-000875,0,,2722964,2722964,0.9471
INV-H2-000876,1,premium_incorrectly_applied|unit_price_mismatch|volume_discount_omitted,3339609,1040829,0.6532
INV-H2-000877,0,,3481390,3481390,0.9669
INV-H2-000878,1,premium_incorrectly_applied|unit_price_mismatch|volume_discount_incorrectly_applied,26862070,2151670,0.9857
INV-H2-000879,1,premium_incorrectly_applied|unit_price_mismatch|volume_discount_incorrectly_applied,35103371,3294671,0.6632
INV-H2-000880,0,,1774589,1774589,0.9551
INV-H2-000881,0,,3902640,3902640,0.9699
INV-H2-000882,1,premium_incorrectly_applied|unit_price_mismatch|volume_discount_omitted,3250921,1718401,0.9787
INV-H2-000883,1,premium_incorrectly_applied|unit_price_mismatch|volume_discount_incorrectly_applied,7371895,1194295,0.6745
INV-H2-000884,1,premium_incorrectly_applied|unit_price_mismatch|volume_discount_incorrectly_applied|volume_discount_omitted,6152026,2560306,0.9775
INV-H2-000885,0,,2899515,2899515,0.6749
INV-H2-000886,1,premium_incorrectly_applied|unit_price_mismatch|volume_discount_incorrectly_applied,13292648,2570948,0.6894
INV-H2-000887,1,premium_incorrectly_applied|unit_price_mismatch|volume_discount_incorrectly_applied|volume_discount_omitted|wrong_unit_basis,4575625,1055620,0.6184
INV-H2-000888,1,premium_incorrectly_applied|unit_price_mismatch|volume_discount_omitted,3173720,1641200,0.6746
INV-H2-000889,1,daily_cap_exceeded|premium_incorrectly_applied|unit_price_mismatch|volume_discount_omitted,5349674,3971554,0.9524
INV-H2-000890,1,premium_incorrectly_applied|unit_price_mismatch|volume_discount_incorrectly_applied,11707178,3470378,0.6874
INV-H2-000891,1,premium_incorrectly_applied|unit_price_mismatch|volume_discount_incorrectly_applied|volume_discount_omitted,16670324,1422344,0.9812
INV-H2-000892,1,cross_invoice_duplicate|premium_incorrectly_applied|unit_price_mismatch|unknown_service|volume_discount_incorrectly_applied,16557230,2306705,0.6518
INV-H2-000893,1,premium_incorrectly_applied|unit_price_mismatch|volume_discount_incorrectly_applied,11630726,1334726,0.9425
INV-H2-000894,1,premium_incorrectly_applied|unit_price_mismatch|volume_discount_omitted,3832728,2300208,0.9557
INV-H2-000895,0,,4939046,4939046,0.6899
INV-H2-000896,1,unit_price_mismatch|volume_discount_incorrectly_applied,18981666,1684386,0.9804
INV-H2-000897,0,,2935065,2935065,0.6917
INV-H2-000898,1,premium_incorrectly_applied|unit_price_mismatch|volume_discount_omitted,3528967,1230187,0.9763
INV-H2-000899,1,premium_incorrectly_applied|unit_price_mismatch|volume_discount_omitted,3244041,1711521,0.6727
INV-H2-000900,1,premium_incorrectly_applied|unit_price_mismatch|volume_discount_omitted,2837941,2996206,0.6404
INV-H2-000901,1,premium_incorrectly_applied|unit_price_mismatch|volume_discount_incorrectly_applied,28274423,5162873,0.6884
INV-H2-000902,1,premium_incorrectly_applied|unit_price_mismatch|volume_discount_incorrectly_applied,15874078,2716978,0.6847
INV-H2-000903,1,premium_incorrectly_applied|unit_price_mismatch|volume_discount_incorrectly_applied|volume_discount_omitted,17567961,2506101,0.6874
INV-H2-000904,1,premium_incorrectly_applied|unit_price_mismatch|volume_discount_incorrectly_applied,8517330,2339730,0.9624
INV-H2-000905,1,premium_incorrectly_applied|unit_price_mismatch|volume_discount_incorrectly_applied,18454027,2371477,0.6617
INV-H2-000906,0,,1291819,1291819,0.9497
INV-H2-000907,0,,796120,796120,0.9400
INV-H2-000908,0,,3840632,3840632,0.9637
INV-H2-000909,0,,1115895,1115895,0.9567
INV-H2-000910,1,premium_incorrectly_applied|unit_price_mismatch|volume_discount_incorrectly_applied|volume_discount_omitted,23243279,3941744,0.9697
INV-H2-000911,0,,1279775,1279775,0.9416
INV-H2-000912,1,premium_incorrectly_applied|unit_price_mismatch|volume_discount_incorrectly_applied|volume_discount_omitted,37139038,4148278,0.6784
INV-H2-000913,0,,2740790,2740790,0.9804
INV-H2-000914,1,premium_incorrectly_applied|unit_price_mismatch|volume_discount_incorrectly_applied|volume_discount_omitted,44597707,1607947,0.9742
INV-H2-000915,1,premium_incorrectly_applied|unit_price_mismatch|volume_discount_incorrectly_applied,14136600,3380250,0.9838
INV-H2-000916,1,premium_incorrectly_applied|unit_price_mismatch|volume_discount_incorrectly_applied,30155478,3841278,0.9811
INV-H2-000917,0,,1849025,1849025,0.9765
INV-H2-000918,1,premium_incorrectly_applied|unit_price_mismatch|volume_discount_incorrectly_applied,7653211,1475611,0.6832
INV-H2-000919,1,premium_incorrectly_applied|unit_price_mismatch|volume_discount_incorrectly_applied,30423069,4108869,0.6890
INV-H2-000920,0,,3002415,3002415,0.9816
INV-H2-000921,0,,3728716,3728716,0.9598
INV-H2-000922,0,,2658718,2658718,0.9833
INV-H2-000923,1,premium_incorrectly_applied|unit_price_mismatch|volume_discount_incorrectly_applied,3974995,2188045,0.9722
INV-H2-000924,1,premium_incorrectly_applied|unit_price_mismatch|volume_discount_incorrectly_applied|volume_discount_omitted,63065240,3217760,0.9748
INV-H2-000925,1,premium_incorrectly_applied|unit_price_mismatch|volume_discount_omitted,4159860,1861080,0.9773
INV-H2-000926,1,premium_incorrectly_applied|unit_price_mismatch|volume_discount_incorrectly_applied|volume_discount_omitted,33689586,5266190,0.6721
INV-H2-000927,1,unit_price_mismatch|volume_discount_incorrectly_applied,41634804,1298490,0.6761
INV-H2-000928,0,,2278307,2278307,0.9685
INV-H2-000929,1,premium_incorrectly_applied|unit_price_mismatch|volume_discount_incorrectly_applied,22490254,977554,0.9836
INV-H2-000930,1,premium_incorrectly_applied|unit_price_mismatch|volume_discount_omitted,3733105,2200585,0.9571
INV-H2-000931,1,premium_incorrectly_applied|unit_price_mismatch|volume_discount_incorrectly_applied|volume_discount_omitted,26964088,2076478,0.9812
INV-H2-000932,0,,1668085,1668085,0.9720
INV-H2-000933,0,,750403,750403,0.9501
INV-H2-000934,1,unit_price_mismatch|volume_discount_incorrectly_applied,35327300,1713705,0.9468
INV-H2-000935,0,,1467418,1467418,0.9753
INV-H2-000936,1,premium_incorrectly_applied|unit_price_mismatch|volume_discount_incorrectly_applied|volume_discount_omitted,19794645,4613985,0.9586
INV-H2-000937,1,premium_incorrectly_applied|unit_price_mismatch|volume_discount_omitted,4492367,2959847,0.9833
INV-H2-000938,1,premium_incorrectly_applied|unit_price_mismatch|volume_discount_incorrectly_applied,21396255,3526755,0.6861
INV-H2-000939,1,premium_incorrectly_applied|unit_price_mismatch|volume_discount_incorrectly_applied|volume_discount_omitted,27208064,3142154,0.9675
INV-H2-000940,0,,2413189,2413189,0.9758
INV-H2-000941,0,,1947890,1947890,0.9736
INV-H2-000942,0,,961953,961953,0.9750
INV-H2-000943,1,premium_incorrectly_applied|unit_price_mismatch|volume_discount_omitted,5728377,4962117,0.6767
INV-H2-000944,1,premium_incorrectly_applied|unit_price_mismatch|volume_discount_incorrectly_applied,3439181,1246331,0.9819
INV-H2-000945,1,premium_incorrectly_applied|unit_price_mismatch|volume_discount_omitted,5472671,1641371,0.9352
INV-H2-000946,1,premium_incorrectly_applied|unit_price_mismatch|volume_discount_omitted,3305194,1772674,0.9734
INV-H2-000947,1,premium_incorrectly_applied|unit_price_mismatch|volume_discount_incorrectly_applied,24307250,2794550,0.6619
INV-H2-000948,0,,1396291,1396291,0.9656
INV-H2-000949,1,premium_incorrectly_applied|unit_price_mismatch|volume_discount_omitted,4951506,3418986,0.9867
INV-H2-000950,1,premium_incorrectly_applied|unit_price_mismatch|volume_discount_incorrectly_applied,8608677,2030127,0.9746
INV-H2-000951,1,premium_incorrectly_applied|unit_price_mismatch|volume_discount_incorrectly_applied|volume_discount_omitted|wrong_unit_basis,24689579,3584619,0.6721
INV-H2-000952,1,premium_incorrectly_applied|unit_price_mismatch|volume_discount_incorrectly_applied|volume_discount_omitted,8187790,4102060,0.9768
INV-H2-000953,0,,3157954,3157954,0.9758
INV-H2-000954,1,premium_incorrectly_applied|unit_price_mismatch|volume_discount_omitted,5638071,3339291,0.9502
INV-H2-000955,1,malformed_service_date|service_date_after_invoice_date,1703199,1703199,0.6851
INV-H2-000956,1,premium_incorrectly_applied|unit_price_mismatch|volume_discount_incorrectly_applied,31719373,1170448,0.9620
INV-H2-000957,1,premium_incorrectly_applied|unit_price_mismatch|volume_discount_incorrectly_applied|volume_discount_omitted,32752979,3563324,0.9778
INV-H2-000958,1,premium_incorrectly_applied|unit_price_mismatch|volume_discount_incorrectly_applied,20490450,1957650,0.9834
INV-H2-000959,1,premium_incorrectly_applied|unit_price_mismatch|volume_discount_incorrectly_applied,26055950,1345550,0.9885
INV-H2-000960,0,,1500075,1500075,0.9863
INV-H2-000961,1,premium_incorrectly_applied|unit_price_mismatch|volume_discount_incorrectly_applied,15105576,1948476,0.9796
INV-H2-000962,1,premium_incorrectly_applied|unit_price_mismatch|volume_discount_omitted,4137555,3371295,0.9535
INV-H2-000963,0,,2661080,2661080,0.9835
INV-H2-000964,1,premium_incorrectly_applied|unit_price_mismatch|volume_discount_incorrectly_applied,4058537,2271587,0.9726
INV-H2-000965,0,,678034,678034,0.6343
INV-H2-000966,0,,1334073,1334073,0.9797
INV-H2-000967,1,premium_incorrectly_applied|unit_price_mismatch|volume_discount_omitted,3100380,2334120,0.6519
INV-H2-000968,0,,1954872,1954872,0.9732
INV-H2-000969,1,premium_incorrectly_applied|unit_price_mismatch|volume_discount_incorrectly_applied,6459695,2885795,0.6742
INV-H2-000970,1,premium_incorrectly_applied|unit_price_mismatch|volume_discount_incorrectly_applied,16428659,3271559,0.9714
INV-H2-000971,1,premium_incorrectly_applied|unit_price_mismatch|volume_discount_incorrectly_applied,18618893,3268943,0.9804
INV-H2-000972,0,,3877395,3877395,0.9639
INV-H2-000973,1,premium_incorrectly_applied|unit_price_mismatch|volume_discount_omitted,4056052,2523532,0.9817
INV-H2-000974,0,,3352291,3352291,0.9836
INV-H2-000975,0,,3325550,3325550,0.9804
INV-H2-000976,1,premium_incorrectly_applied|unit_price_mismatch|volume_discount_incorrectly_applied,47413564,4049089,0.9605
INV-H2-000977,1,premium_incorrectly_applied|unit_price_mismatch|volume_discount_omitted,6295324,3996544,0.9642
INV-H2-000978,0,,380876,380876,0.9876
INV-H2-000979,1,premium_incorrectly_applied|unit_price_mismatch|volume_discount_incorrectly_applied,34831195,825685,0.9498
INV-H2-000980,0,,2052881,2052881,0.6582
INV-H2-000981,0,,2343368,2343368,0.9586
INV-H2-000982,1,premium_incorrectly_applied|unit_price_mismatch|volume_discount_incorrectly_applied,9237211,3876361,0.9776
INV-H2-000983,1,unit_price_mismatch|volume_discount_incorrectly_applied,13069693,3185533,0.9812
INV-H2-000984,0,,516810,516810,0.9796
INV-H2-000985,0,,3565104,3565104,0.6736
INV-H2-000986,0,,932430,932430,0.9534
INV-H2-000987,1,premium_incorrectly_applied|unit_price_mismatch|volume_discount_omitted,2559382,1026862,0.9719
INV-H2-000988,0,,3748700,3748700,0.9365
INV-H2-000989,1,bundle_not_applied|daily_cap_exceeded|unit_price_mismatch,1954058,2155933,0.6827
INV-H2-000990,1,premium_incorrectly_applied|unit_price_mismatch|volume_discount_incorrectly_applied,38945922,2687172,0.9635
INV-H2-000991,0,,811530,811530,0.9885
INV-H2-000992,1,premium_incorrectly_applied|unit_price_mismatch|volume_discount_incorrectly_applied|volume_discount_omitted,29353934,2344754,0.9619
INV-H2-000993,1,premium_incorrectly_applied|unit_price_mismatch|volume_discount_omitted,3228047,1695527,0.9658
INV-H2-000994,1,cross_invoice_duplicate,914650,1294275,0.9880
INV-H2-000995,1,premium_incorrectly_applied|unit_price_mismatch|volume_discount_incorrectly_applied|volume_discount_omitted,25464248,2573468,0.9786
INV-H2-000996,1,premium_incorrectly_applied|unit_price_mismatch|volume_discount_incorrectly_applied|volume_discount_omitted,20938507,2108707,0.6685
INV-H2-000997,0,,1270700,1270700,0.9562
INV-H2-000998,0,,1965345,1965345,0.6647
INV-H2-000999,1,premium_incorrectly_applied|unit_price_mismatch|volume_discount_incorrectly_applied,44287680,4489680,0.9742
INV-H2-001000,1,premium_incorrectly_applied|unit_price_mismatch|volume_discount_incorrectly_applied,37873635,3411735,0.9750
INV-H2-001001,0,,2346146,2346146,0.9624
INV-H2-001002,0,,1763106,1763106,0.9809
INV-H2-001003,1,premium_incorrectly_applied|unit_price_mismatch|volume_discount_omitted,2678369,379589,0.9479
INV-H2-001004,0,,3103865,3103865,0.9838
INV-H2-001005,1,premium_incorrectly_applied|unit_price_mismatch|volume_discount_incorrectly_applied|volume_discount_omitted,33485214,4211904,0.9727
INV-H2-001006,1,premium_incorrectly_applied|unit_price_mismatch|volume_discount_incorrectly_applied|volume_discount_omitted,17982331,3328351,0.6690
INV-H2-001007,1,unit_price_mismatch|volume_discount_incorrectly_applied,7657718,934999,0.9510
INV-H2-001008,1,premium_incorrectly_applied|unit_price_mismatch|volume_discount_omitted,3827076,2294556,0.9747
INV-H2-001009,0,,3787504,3787504,0.9629
INV-H2-001010,0,,786344,786344,0.9470
INV-H2-001011,1,premium_incorrectly_applied|unit_price_mismatch|volume_discount_omitted,4354592,2055812,0.6815
INV-H2-001012,1,premium_incorrectly_applied|unit_price_mismatch|volume_discount_omitted,6406181,4107401,0.9617
INV-H2-001013,1,premium_incorrectly_applied|unit_price_mismatch|volume_discount_incorrectly_applied|volume_discount_omitted,26600915,1383635,0.9802
INV-H2-001014,0,,2527018,2527018,0.9620
INV-H2-001015,1,premium_incorrectly_applied|unit_price_mismatch|volume_discount_incorrectly_applied,49944861,4880061,0.9762
INV-H2-001016,0,,1991256,1991256,0.9431
INV-H2-001017,1,bundle_not_applied|exclusion_window_violation|unit_price_mismatch,3409701,3721701,0.9571
INV-H2-001018,1,premium_incorrectly_applied|unit_price_mismatch|volume_discount_omitted,5805857,3507077,0.9565
INV-H2-001019,1,premium_incorrectly_applied|unit_price_mismatch|volume_discount_incorrectly_applied,33664370,3711920,0.9824
INV-H2-001020,1,unit_price_mismatch|volume_discount_incorrectly_applied,38137379,4523784,0.9672
INV-H2-001021,0,,3098186,3098186,0.6880
INV-H2-001022,0,,793850,793850,0.6776
INV-H2-001023,1,premium_incorrectly_applied|unit_price_mismatch|volume_discount_incorrectly_applied|volume_discount_omitted,14908806,1275392,0.9747
INV-H2-001024,0,,2254015,2254015,0.6890
INV-H2-001025,0,,1871857,1871857,0.9589
INV-H2-001026,0,,702100,702100,0.9740
INV-H2-001027,0,,1960235,1960235,0.9244
INV-H2-001028,1,invoice_total_mismatch|premium_incorrectly_applied|unit_price_mismatch|volume_discount_incorrectly_applied|wrong_unit_basis,3708481,159581,0.9711
INV-H2-001029,1,premium_incorrectly_applied|unit_price_mismatch|volume_discount_incorrectly_applied|volume_discount_omitted,28941450,1860990,0.9610
INV-H2-001030,1,contract_number_mismatch|unit_price_mismatch|volume_discount_incorrectly_applied|wrong_unit_basis,17007370,3561932,0.6789
INV-H2-001031,1,premium_incorrectly_applied|unit_price_mismatch|volume_discount_omitted,7452518,4387478,0.9694
INV-H2-001032,0,,976266,976266,0.6434
INV-H2-001033,0,,2351755,2351755,0.9816
INV-H2-001034,1,premium_incorrectly_applied|unit_price_mismatch|volume_discount_incorrectly_applied,28634800,2664625,0.9672
INV-H2-001036,0,,3410841,3410841,0.9650
INV-H2-001037,1,premium_incorrectly_applied|unit_price_mismatch|volume_discount_omitted,4519929,3753669,0.9694
INV-H2-001038,1,exclusion_window_violation|unit_price_mismatch|volume_discount_incorrectly_applied,1435704,1530398,0.6604
INV-H2-001039,1,premium_incorrectly_applied|unit_price_mismatch|volume_discount_incorrectly_applied,38503531,2261611,0.9776
INV-H2-001040,0,,964376,964376,0.9742
INV-H2-001041,1,line_total_arithmetic|premium_incorrectly_applied|unit_price_mismatch|volume_discount_incorrectly_applied|volume_discount_omitted,14505434,4721224,0.6845
INV-H2-001042,0,,1931251,1931251,0.9691
INV-H2-001043,1,premium_incorrectly_applied|unit_price_mismatch|volume_discount_incorrectly_applied|volume_discount_omitted,31074242,3911612,0.9691
INV-H2-001044,1,contract_number_mismatch|wrong_unit_basis,1319234,1319234,0.9431
INV-H2-001045,1,premium_incorrectly_applied|unit_price_mismatch|volume_discount_incorrectly_applied,10471834,3893284,0.6893
INV-H2-001046,0,,946553,946553,0.9838
INV-H2-001047,1,premium_incorrectly_applied|unit_price_mismatch|volume_discount_omitted,2292504,1526244,0.9667
INV-H2-001048,1,premium_incorrectly_applied|unit_price_mismatch|volume_discount_omitted,4417397,3651137,0.9764
INV-H2-001049,1,premium_incorrectly_applied|unit_price_mismatch|volume_discount_incorrectly_applied,47481298,842398,0.9866
INV-H2-001050,1,premium_incorrectly_applied|unit_price_mismatch|volume_discount_omitted,3614578,2848318,0.6913
INV-H2-001051,1,unit_price_mismatch|volume_discount_incorrectly_applied,16025905,3670705,0.9743
INV-H2-001052,1,premium_incorrectly_applied|unit_price_mismatch|volume_discount_incorrectly_applied,12040828,3269428,0.9702
INV-H2-001053,0,,4283250,4283250,0.9663
INV-H2-001054,1,premium_incorrectly_applied|unit_price_mismatch|volume_discount_incorrectly_applied,27639713,1669538,0.9783
INV-H2-001055,1,premium_incorrectly_applied|unit_price_mismatch|volume_discount_incorrectly_applied,22618225,2570725,0.9654
INV-H2-001056,1,premium_incorrectly_applied|unit_price_mismatch|volume_discount_omitted,6757238,4458458,0.9744
INV-H2-001057,1,premium_incorrectly_applied|unit_price_mismatch|volume_discount_incorrectly_applied|volume_discount_omitted,13253125,1424605,0.9825
INV-H2-001058,1,premium_incorrectly_applied|unit_price_mismatch|volume_discount_incorrectly_applied,17631466,2281516,0.9525
INV-H2-001059,0,,700562,700562,0.9876
INV-H2-001060,1,premium_incorrectly_applied|unit_price_mismatch|volume_discount_omitted,3274513,1741993,0.9327
INV-H2-001061,1,premium_incorrectly_applied|unit_price_mismatch|volume_discount_incorrectly_applied,48092823,1466298,0.9853
INV-H2-001062,1,premium_incorrectly_applied|unit_price_mismatch|volume_discount_incorrectly_applied|volume_discount_omitted,5788857,3235647,0.9734
INV-H2-001063,1,premium_incorrectly_applied|unit_price_mismatch|volume_discount_omitted,3970690,905650,0.9648
INV-H2-001064,1,premium_incorrectly_applied|unit_price_mismatch|volume_discount_incorrectly_applied|volume_discount_omitted,9173786,2263091,0.6918
INV-H2-001065,1,premium_incorrectly_applied|unit_price_mismatch|volume_discount_omitted,3326325,1793805,0.9885
INV-H2-001066,1,premium_incorrectly_applied|unit_price_mismatch|volume_discount_incorrectly_applied,13342061,2585711,0.9700
INV-H2-001067,0,,1750640,1750640,0.9846
INV-H2-001068,1,premium_incorrectly_applied|unit_price_mismatch|volume_discount_omitted,3714463,2181943,0.9725
INV-H2-001069,1,premium_incorrectly_applied|unit_price_mismatch|volume_discount_omitted,3204627,905847,0.9476
INV-H2-001070,1,premium_incorrectly_applied|unit_price_mismatch|volume_discount_incorrectly_applied,27445213,3531763,0.9574
INV-H2-001071,1,premium_incorrectly_applied|unit_price_mismatch|volume_discount_omitted,4152698,1853918,0.9785
INV-H2-001072,1,premium_incorrectly_applied|unit_price_mismatch|volume_discount_incorrectly_applied|volume_discount_omitted,9324731,2431361,0.9681
INV-H2-001073,1,invoice_total_mismatch|premium_incorrectly_applied|unit_price_mismatch|volume_discount_omitted|wrong_unit_basis,4055110,3115140,0.9845
INV-H2-001074,1,premium_incorrectly_applied|unit_price_mismatch|volume_discount_incorrectly_applied,30133791,2666241,0.9607
INV-H2-001075,1,premium_incorrectly_applied|unit_price_mismatch|volume_discount_incorrectly_applied|volume_discount_omitted,14978120,1856660,0.9748
INV-H2-001076,1,premium_incorrectly_applied|unit_price_mismatch|volume_discount_incorrectly_applied,6627162,3053262,0.9633
INV-H2-001077,1,premium_incorrectly_applied|unit_price_mismatch|volume_discount_omitted,3078571,2312311,0.6883
INV-H2-001078,1,premium_incorrectly_applied|unit_price_mismatch|volume_discount_incorrectly_applied|volume_discount_omitted,26285698,3309778,0.6652
INV-H2-001079,0,,3178980,3178980,0.9489
INV-H2-001080,1,premium_incorrectly_applied|unit_price_mismatch|volume_discount_incorrectly_applied,29802531,3904131,0.9826
INV-H2-001081,1,premium_incorrectly_applied|unit_price_mismatch|volume_discount_incorrectly_applied,14962258,649333,0.9408
INV-H2-001082,1,premium_incorrectly_applied|unit_price_mismatch|volume_discount_omitted,2987490,1454970,0.6476
INV-H2-001083,1,premium_incorrectly_applied|unit_price_mismatch|volume_discount_incorrectly_applied,14475134,3718784,0.6718
INV-H2-001084,1,premium_incorrectly_applied|unit_price_mismatch|volume_discount_omitted,3464266,1165486,0.9708
INV-H2-001085,0,,2098190,2098190,0.9687
INV-H2-001086,1,premium_incorrectly_applied|unit_price_mismatch|volume_discount_incorrectly_applied,15808738,3300088,0.6809
INV-H2-001087,0,,1064100,1064100,0.9815
INV-H2-001088,1,premium_incorrectly_applied|unit_price_mismatch|volume_discount_omitted,4702166,2403386,0.9562
INV-H2-001089,1,premium_incorrectly_applied|unit_price_mismatch|volume_discount_incorrectly_applied|volume_discount_omitted,10968098,3054038,0.9471
INV-H2-001090,1,premium_incorrectly_applied|unit_price_mismatch|volume_discount_incorrectly_applied|volume_discount_omitted,26741578,5040901,0.6900
INV-H2-001091,0,,2834194,2834194,0.9700
INV-H2-001092,1,premium_incorrectly_applied|unit_price_mismatch|volume_discount_omitted,3246325,1713805,0.9624
INV-H2-001093,1,premium_incorrectly_applied|unit_price_mismatch|volume_discount_incorrectly_applied,30538313,3647438,0.9604
INV-H2-001094,1,premium_incorrectly_applied|unit_price_mismatch|volume_discount_incorrectly_applied,2378066,185216,0.9890
INV-H2-001095,1,premium_incorrectly_applied|unit_price_mismatch|volume_discount_incorrectly_applied|volume_discount_omitted,16645905,2758185,0.9723
INV-H2-001096,0,,2080320,2080320,0.9643
INV-H2-001097,0,,825286,825286,0.9672
INV-H2-001098,1,premium_incorrectly_applied|unit_price_mismatch|volume_discount_incorrectly_applied|volume_discount_omitted,4500950,415220,0.6579
INV-H2-001099,0,,740475,740475,0.9768
INV-H2-001100,1,premium_incorrectly_applied|unit_price_mismatch|volume_discount_incorrectly_applied,12151085,1429385,0.6581
INV-H2-001101,1,premium_incorrectly_applied|unit_price_mismatch|volume_discount_incorrectly_applied,68261165,1998485,0.9795
INV-H2-001102,1,premium_incorrectly_applied|unit_price_mismatch|volume_discount_incorrectly_applied,16809167,3652067,0.6499
INV-H2-001103,1,premium_incorrectly_applied|unit_price_mismatch|volume_discount_omitted,3736219,2203699,0.9686
INV-H2-001104,1,premium_incorrectly_applied|unit_price_mismatch|volume_discount_incorrectly_applied,14921660,1764560,0.9708
INV-H2-001105,1,premium_incorrectly_applied|unit_price_mismatch|volume_discount_incorrectly_applied|volume_discount_omitted,31149055,1959400,0.9889
INV-H2-001106,0,,2937640,2937640,0.6769
INV-H2-001107,0,,1538659,1538659,0.9551
INV-H2-001108,1,premium_incorrectly_applied|unit_price_mismatch|volume_discount_incorrectly_applied|volume_discount_omitted,35531102,1799203,0.9793
INV-H2-001109,1,bundle_not_applied|premium_incorrectly_applied|unit_price_mismatch|volume_discount_omitted,833533,935389,0.6705
INV-H2-001110,0,,1318632,1318632,0.9772
INV-H2-001111,1,premium_incorrectly_applied|unit_price_mismatch|volume_discount_incorrectly_applied|volume_discount_omitted,16610770,3347740,0.9745
INV-H2-001112,1,premium_incorrectly_applied|unit_price_mismatch|volume_discount_omitted,4047066,3280806,0.9793
INV-H2-001113,1,premium_incorrectly_applied|unit_price_mismatch|volume_discount_incorrectly_applied,9711010,1474210,0.9746
INV-H2-001114,1,premium_incorrectly_applied|unit_price_mismatch|volume_discount_incorrectly_applied,54344454,2250654,0.9732
INV-H2-001115,1,premium_incorrectly_applied|unit_price_mismatch|volume_discount_incorrectly_applied|volume_discount_omitted,14418464,3882884,0.6935
INV-H2-001116,1,premium_incorrectly_applied|unit_price_mismatch|volume_discount_incorrectly_applied,20860955,1204505,0.9673
INV-H2-001117,1,premium_incorrectly_applied|unit_price_mismatch|volume_discount_incorrectly_applied|volume_discount_omitted,9468028,3050848,0.9704
INV-H2-001118,0,,1394553,1394553,0.9809
INV-H2-001119,1,premium_incorrectly_applied|unit_price_mismatch|volume_discount_omitted,2429754,897234,0.9766
INV-H2-001120,0,,2324144,2324144,0.9688
INV-H2-001121,1,premium_incorrectly_applied|unit_price_mismatch|volume_discount_incorrectly_applied,34117860,1848810,0.9730
INV-H2-001122,0,,1189092,1189092,0.9799
INV-H2-001123,0,,1761377,1761377,0.9614
INV-H2-001124,0,,1047455,1047455,0.9512
INV-H2-001125,1,premium_incorrectly_applied|unit_price_mismatch|volume_discount_incorrectly_applied,22973379,1529979,0.9672
INV-H2-001126,1,premium_incorrectly_applied|unit_price_mismatch|volume_discount_incorrectly_applied,6011864,3819014,0.9548
INV-H2-001127,1,premium_incorrectly_applied|unit_price_mismatch|volume_discount_omitted,4734037,1668997,0.6621
INV-H2-001128,1,premium_incorrectly_applied|unit_price_mismatch|volume_discount_omitted,3916856,3150596,0.9513
INV-H2-001129,0,,623988,623988,0.6725
INV-H2-001130,1,premium_incorrectly_applied|unit_price_mismatch|volume_discount_omitted|wrong_unit_basis,4889476,3384668,0.9774
INV-H2-001131,1,premium_incorrectly_applied|unit_price_mismatch|volume_discount_incorrectly_applied,22226825,1634825,0.9634
INV-H2-001132,1,premium_incorrectly_applied|unit_price_mismatch|volume_discount_omitted,5522075,3223295,0.6926
INV-H3-000001,0,,3642525,3642525,0.9789
INV-H3-000002,0,,2908235,2908235,0.9864
INV-H3-000003,0,,4009560,4009560,0.9813
INV-H3-000004,0,,4056505,4056505,0.9615
INV-H3-000005,0,,5863300,5863300,0.9733
INV-H3-000006,1,invoice_total_mismatch,5833766,5808766,0.9637
INV-H3-000007,0,,3985625,3985625,0.9778
INV-H3-000008,0,,1529125,1529125,0.9835
INV-H3-000009,0,,1121650,1121650,0.9856
INV-H3-000010,0,,3488955,3488955,0.9797
INV-H3-000011,0,,2481031,2481031,0.6825
INV-H3-000012,0,,2163625,2163625,0.6881
INV-H3-000013,0,,1213100,1213100,0.9896
INV-H3-000014,0,,3412575,3412575,0.9829
INV-H3-000015,0,,1980335,1980335,0.9638
INV-H3-000016,0,,4289481,4289481,0.6900
INV-H3-000017,1,malformed_service_date,4700676,4700676,0.9795
INV-H3-000018,0,,4492825,4492825,0.9740
INV-H3-000019,0,,3964925,3964925,0.9864
INV-H3-000020,0,,2359575,2359575,0.9638
INV-H3-000021,1,contract_number_mismatch|duplicate_invoice_id|invoice_total_mismatch|premium_incorrectly_applied|unit_price_mismatch,5531828,2736005,0.9705
INV-H3-000022,0,,1865125,1865125,0.9722
INV-H3-000023,0,,4068300,4068300,0.9868
INV-H3-000024,0,,2590825,2590825,0.9651
INV-H3-000025,0,,3343645,3343645,0.9632
INV-H3-000026,0,,3983224,3983224,0.9779
INV-H3-000027,0,,1902412,1902412,0.9643
INV-H3-000028,0,,1207741,1207741,0.9870
INV-H3-000029,1,premium_incorrectly_applied|unit_price_mismatch|volume_discount_incorrectly_applied|wrong_unit_basis,794425,801990,0.9890
INV-H3-000030,0,,2292535,2292535,0.9877
INV-H3-000031,0,,2697916,2697916,0.9642
INV-H3-000032,0,,3046405,3046405,0.9832
INV-H3-000033,0,,2979500,2979500,0.9663
INV-H3-000034,0,,2352800,2352800,0.9756
INV-H3-000035,0,,3007590,3007590,0.9607
INV-H3-000036,0,,3181885,3181885,0.9763
INV-H3-000037,0,,1593850,1593850,0.9691
INV-H3-000038,1,invoice_total_mismatch,3575097,3550097,0.9717
INV-H3-000039,0,,1622500,1622500,0.9546
INV-H3-000040,0,,1165154,1165154,0.9801
INV-H3-000041,0,,2802550,2802550,0.9862
INV-H3-000042,0,,2193035,2193035,0.9721
INV-H3-000043,0,,720875,720875,0.9846
INV-H3-000044,0,,5049850,5049850,0.9745
INV-H3-000045,0,,2978630,2978630,0.9716
INV-H3-000046,0,,1238675,1238675,0.9893
INV-H3-000047,0,,2054775,2054775,0.9843
INV-H3-000048,0,,2452592,2452592,0.9860
INV-H3-000049,0,,771475,771475,0.9674
INV-H3-000050,0,,3788788,3788788,0.9864
INV-H3-000051,0,,4306608,4306608,0.9570
INV-H3-000052,1,exclusion_window_violation,4369985,4375660,0.9633
INV-H3-000053,0,,2824325,2824325,0.9704
INV-H3-000054,0,,2050950,2050950,0.9867
INV-H3-000055,0,,1356475,1356475,0.9864
INV-H3-000056,0,,2316310,2316310,0.9897
INV-H3-000057,0,,2522185,2522185,0.9851
INV-H3-000058,0,,3176856,3176856,0.9859
INV-H3-000059,0,,4533925,4533925,0.9862
INV-H3-000060,0,,2186260,2186260,0.9801
INV-H3-000061,0,,6342830,6342830,0.9829
INV-H3-000062,0,,2046525,2046525,0.9852
INV-H3-000063,0,,1608750,1608750,0.9895
INV-H3-000064,1,malformed_service_date|premium_incorrectly_applied|unit_price_mismatch|volume_discount_incorrectly_applied,1534875,1413981,0.9893
INV-H3-000065,0,,4144800,4144800,0.9844
INV-H3-000066,1,premium_incorrectly_applied|premium_omitted|unit_price_mismatch|volume_discount_incorrectly_applied,1574935,1563198,0.9730
INV-H3-000067,1,daily_cap_exceeded|premium_incorrectly_applied|unit_price_mismatch|volume_discount_incorrectly_applied,2118775,2127583,0.9870
INV-H3-000068,0,,3582177,3582177,0.9836
INV-H3-000069,0,,1948889,1948889,0.9871
INV-H3-000070,0,,5801500,5801500,0.9729
INV-H3-000072,0,,2149805,2149805,0.9865
INV-H3-000073,0,,5710575,5710575,0.9857
INV-H3-000074,0,,2059630,2059630,0.9686
INV-H3-000075,0,,1177124,1177124,0.9811
INV-H3-000076,0,,2139789,2139789,0.9807
INV-H3-000077,0,,2827872,2827872,0.9665
INV-H3-000078,0,,4439952,4439952,0.6695
INV-H3-000079,0,,2659250,2659250,0.9737
INV-H3-000080,0,,3198350,3198350,0.9867
INV-H3-000081,0,,2271606,2271606,0.9836
INV-H3-000082,0,,5772667,5772667,0.9778
INV-H3-000083,0,,3575616,3575616,0.9733
INV-H3-000084,0,,4270818,4270818,0.6902
INV-H3-000085,1,duplicate_invoice_id|invoice_total_mismatch|premium_incorrectly_applied|unit_price_mismatch|volume_discount_incorrectly_applied,5370728,1367319,0.9745
INV-H3-000086,0,,1361098,1361098,0.9865
INV-H3-000087,0,,3266259,3266259,0.9821
INV-H3-000088,0,,4111813,4111813,0.6816
INV-H3-000089,0,,4265609,4265609,0.9791
INV-H3-000090,0,,1808731,1808731,0.9845
INV-H3-000091,0,,3303970,3303970,0.9838
INV-H3-000092,0,,925781,925781,0.9555
INV-H3-000093,1,daily_cap_exceeded|line_total_arithmetic|premium_incorrectly_applied|unit_price_mismatch,5085581,6133006,0.6726
INV-H3-000094,0,,2092468,2092468,0.9648
INV-H3-000095,0,,2789037,2789037,0.9833
INV-H3-000096,0,,4412053,4412053,0.9707
INV-H3-000097,0,,1000564,1000564,0.9900
INV-H3-000098,0,,2735414,2735414,0.9693
INV-H3-000099,0,,2625691,2625691,0.9865
INV-H3-000100,0,,2109675,2109675,0.9486
INV-H3-000102,0,,5255671,5255671,0.9839
INV-H3-000103,0,,2296594,2296594,0.9829
INV-H3-000104,0,,4911160,4911160,0.6875
INV-H3-000105,0,,1192953,1192953,0.9492
INV-H3-000106,0,,2634361,2634361,0.9800
INV-H3-000107,0,,2584378,2584378,0.9854
INV-H3-000108,0,,4367322,4367322,0.9737
INV-H3-000109,0,,5408087,5408087,0.6939
INV-H3-000110,0,,1684768,1684768,0.9695
INV-H3-000111,0,,2383875,2383875,0.9733
INV-H3-000112,0,,1742398,1742398,0.9887
INV-H3-000113,0,,5731381,5731381,0.9825
INV-H3-000114,0,,1192814,1192814,0.9827
INV-H3-000115,0,,2667417,2667417,0.9879
INV-H3-000116,0,,4073539,4073539,0.9823
INV-H3-000117,0,,1089825,1089825,0.9880
INV-H3-000118,0,,1748994,1748994,0.9832
INV-H3-000119,0,,3946345,3946345,0.9651
INV-H3-000120,0,,2310243,2310243,0.9873
INV-H3-000121,0,,3402473,3402473,0.9792
INV-H3-000122,0,,5179244,5179244,0.9806
INV-H3-000123,0,,2039450,2039450,0.9851
INV-H3-000124,0,,4141162,4141162,0.9853
INV-H3-000125,0,,2340795,2340795,0.9824
INV-H3-000126,1,premium_incorrectly_applied|unit_price_mismatch|wrong_unit_basis,5535714,5640439,0.6793
INV-H3-000127,0,,5644242,5644242,0.6942
INV-H3-000128,1,contract_number_mismatch,881729,881729,0.9865
INV-H3-000129,0,,4240496,4240496,0.9764
INV-H3-000130,0,,1372600,1372600,0.9691
INV-H3-000131,0,,2896247,2896247,0.9818
INV-H3-000132,0,,2052490,2052490,0.9427
INV-H3-000133,0,,1012000,1012000,0.9890
INV-H3-000134,0,,2953243,2953243,0.9484
INV-H3-000135,0,,1778600,1778600,0.9806
INV-H3-000136,0,,4579968,4579968,0.9762
INV-H3-000137,0,,4394713,4394713,0.9805
INV-H3-000138,0,,4478817,4478817,0.9787
INV-H3-000139,0,,2278850,2278850,0.9626
INV-H3-000140,1,invoice_total_mismatch|service_date_out_of_window|unit_price_mismatch|volume_discount_omitted,1699894,1739448,0.9517
INV-H3-000141,0,,3488845,3488845,0.9679
INV-H3-000142,0,,3506118,3506118,0.9842
INV-H3-000143,0,,5464650,5464650,0.9724
INV-H3-000144,0,,3387332,3387332,0.6884
INV-H3-000145,0,,678827,678827,0.9880
INV-H3-000146,0,,1562883,1562883,0.9862
INV-H3-000147,0,,5040665,5040665,0.9818
INV-H3-000148,1,contract_number_mismatch|duplicate_invoice_id|invoice_total_mismatch,4636441,1367695,0.9835
INV-H3-000149,0,,2077987,2077987,0.9690
INV-H3-000150,0,,2849287,2849287,0.9854
INV-H3-000151,0,,3755802,3755802,0.9858
INV-H3-000152,0,,2359561,2359561,0.9775
INV-H3-000153,0,,267839,267839,0.9890
INV-H3-000154,0,,1491125,1491125,0.9817
INV-H3-000155,0,,3687556,3687556,0.9825
INV-H3-000156,0,,4073409,4073409,0.9809
INV-H3-000157,0,,6489494,6489494,0.6868
INV-H3-000158,0,,4430967,4430967,0.9676
INV-H3-000159,0,,5737941,5737941,0.9790
INV-H3-000160,0,,3567475,3567475,0.9770
INV-H3-000161,0,,2090866,2090866,0.9867
INV-H3-000162,0,,715835,715835,0.9780
INV-H3-000163,0,,1920810,1920810,0.9821
INV-H3-000164,0,,3537602,3537602,0.9812
INV-H3-000165,0,,2458930,2458930,0.9825
INV-H3-000166,0,,667075,667075,0.9859
INV-H3-000167,0,,3634942,3634942,0.9801
INV-H3-000168,0,,3306363,3306363,0.9885
INV-H3-000169,0,,1786082,1786082,0.9713
INV-H3-000170,0,,2347891,2347891,0.9808
INV-H3-000171,0,,3861805,3861805,0.9771
INV-H3-000172,0,,3824234,3824234,0.6763
INV-H3-000173,0,,2611235,2611235,0.9767
INV-H3-000174,0,,1545170,1545170,0.9896
INV-H3-000175,0,,2449375,2449375,0.6631
INV-H3-000176,0,,1326312,1326312,0.9900
INV-H3-000177,0,,1316762,1316762,0.9782
INV-H3-000178,0,,1664920,1664920,0.9738
INV-H3-000179,0,,1627201,1627201,0.9817
INV-H3-000180,0,,2072229,2072229,0.9863
INV-H3-000181,0,,4635942,4635942,0.6840
INV-H3-000182,0,,2506010,2506010,0.9639
INV-H3-000183,1,unknown_service,1069831,1069831,0.6373
INV-H3-000184,0,,2893431,2893431,0.9842
INV-H3-000185,0,,4468402,4468402,0.9774
INV-H3-000186,0,,1192225,1192225,0.9695
INV-H3-000187,0,,4406200,4406200,0.9793
INV-H3-000188,0,,2658062,2658062,0.9743
INV-H3-000189,0,,1668701,1668701,0.9900
INV-H3-000190,0,,1781390,1781390,0.9864
INV-H3-000191,0,,1130450,1130450,0.9843
INV-H3-000192,0,,895350,895350,0.9827
INV-H3-000193,0,,860651,860651,0.9856
INV-H3-000194,0,,2276804,2276804,0.6793
INV-H3-000195,0,,5677016,5677016,0.9730
INV-H3-000196,0,,3350736,3350736,0.6920
INV-H3-000197,0,,3991765,3991765,0.9820
INV-H3-000198,0,,4266496,4266496,0.9778
INV-H3-000199,0,,3188609,3188609,0.9859
INV-H3-000200,0,,3939560,3939560,0.9746
INV-H3-000201,0,,3392518,3392518,0.9835
INV-H3-000202,0,,4554734,4554734,0.9833
INV-H3-000203,0,,4626878,4626878,0.9813
INV-H3-000204,0,,4962801,4962801,0.9800
INV-H3-000205,0,,4071739,4071739,0.9859
INV-H3-000206,0,,967030,967030,0.9862
INV-H3-000207,0,,3464947,3464947,0.9751
INV-H3-000208,0,,2132220,2132220,0.9703
INV-H3-000209,0,,2664782,2664782,0.9793
INV-H3-000210,0,,6902928,6902928,0.6886
INV-H3-000211,0,,1435800,1435800,0.9625
INV-H3-000212,0,,3418255,3418255,0.9855
INV-H3-000213,0,,1888375,1888375,0.9854
INV-H3-000214,0,,1904090,1904090,0.9869
INV-H3-000215,0,,2252954,2252954,0.9761
INV-H3-000216,0,,517255,517255,0.9896
INV-H3-000217,0,,2821690,2821690,0.9804
INV-H3-000218,0,,4377877,4377877,0.9803
INV-H3-000219,0,,4121103,4121103,0.9775
INV-H3-000220,0,,1382975,1382975,0.6664
INV-H3-000221,1,service_date_after_invoice_date|unit_price_mismatch|volume_discount_omitted,2780850,2882235,0.9867
INV-H3-000222,0,,1062375,1062375,0.9846
INV-H3-000223,0,,2978097,2978097,0.6807
INV-H3-000224,0,,1243799,1243799,0.9536
INV-H3-000225,0,,990660,990660,0.9791
INV-H3-000226,1,premium_incorrectly_applied|premium_omitted|unit_price_mismatch,2742187,2782237,0.9793
INV-H3-000227,0,,4352271,4352271,0.9877
INV-H3-000228,0,,3318527,3318527,0.9669
INV-H3-000229,0,,4267784,4267784,0.9840
INV-H3-000230,0,,4647480,4647480,0.6873
INV-H3-000231,0,,4454522,4454522,0.9848
INV-H3-000232,0,,2474922,2474922,0.6889
INV-H3-000233,0,,2454675,2454675,0.9870
INV-H3-000234,0,,1394090,1394090,0.9900
INV-H3-000235,0,,1007120,1007120,0.9649
INV-H3-000236,1,daily_cap_exceeded,2423035,3145160,0.9749
INV-H3-000237,0,,2095800,2095800,0.9867
INV-H3-000238,0,,2090769,2090769,0.9854
INV-H3-000239,0,,2210402,2210402,0.9727
INV-H3-000240,0,,3109331,3109331,0.9678
INV-H3-000241,0,,2422456,2422456,0.9864
INV-H3-000242,0,,1954782,1954782,0.9824
INV-H3-000243,0,,2866363,2866363,0.9866
INV-H3-000244,0,,1227080,1227080,0.9628
INV-H3-000245,0,,967183,967183,0.6537
INV-H3-000246,0,,2031615,2031615,0.9694
INV-H3-000247,0,,2467420,2467420,0.9845
INV-H3-000248,0,,3758220,3758220,0.9815
INV-H3-000249,0,,3239761,3239761,0.9833
INV-H3-000250,0,,2330052,2330052,0.9865
INV-H3-000251,0,,1281594,1281594,0.9665
INV-H3-000252,0,,2668032,2668032,0.9584
INV-H3-000253,0,,3078925,3078925,0.9509
INV-H3-000254,0,,4473568,4473568,0.9822
INV-H3-000255,0,,1758575,1758575,0.9807
INV-H3-000256,0,,3038692,3038692,0.9862
INV-H3-000257,0,,2063175,2063175,0.9861
INV-H3-000258,0,,775102,775102,0.9770
INV-H3-000259,0,,2849928,2849928,0.9878
INV-H3-000260,0,,1972756,1972756,0.9896
INV-H3-000261,0,,2140758,2140758,0.9808
INV-H3-000262,1,premium_incorrectly_applied|unit_price_mismatch,4772051,4801913,0.9856
INV-H3-000263,0,,1293748,1293748,0.9853
INV-H3-000264,0,,3302277,3302277,0.9875
INV-H3-000265,0,,3208663,3208663,0.9492
INV-H3-000266,0,,5056653,5056653,0.9745
INV-H3-000267,0,,1268756,1268756,0.9674
INV-H3-000268,0,,1055840,1055840,0.9900
INV-H3-000269,0,,1423991,1423991,0.9649
INV-H3-000270,0,,1420122,1420122,0.9809
INV-H3-000271,0,,3940067,3940067,0.9739
INV-H3-000272,0,,972608,972608,0.9895
INV-H3-000273,0,,4077755,4077755,0.9796
INV-H3-000274,0,,2246868,2246868,0.9865
INV-H3-000275,0,,2336290,2336290,0.9840
INV-H3-000276,0,,2575410,2575410,0.9837
INV-H3-000277,1,cross_invoice_duplicate|service_date_after_invoice_date|wrong_unit_basis,2641847,2833247,0.9851
INV-H3-000278,0,,4185298,4185298,0.9811
INV-H3-000279,0,,2675759,2675759,0.9741
INV-H3-000280,0,,1482837,1482837,0.9671
INV-H3-000281,0,,2087514,2087514,0.9755
INV-H3-000282,0,,1465854,1465854,0.9782
INV-H3-000283,1,bundle_not_applied|premium_incorrectly_applied|unit_price_mismatch,3697860,4428835,0.9770
INV-H3-000284,1,line_total_arithmetic|premium_incorrectly_applied|unit_price_mismatch|wrong_unit_basis,4897290,4960090,0.6768
INV-H3-000285,0,,3738460,3738460,0.9734
INV-H3-000286,0,,2583800,2583800,0.9714
INV-H3-000287,0,,2856585,2856585,0.9773
INV-H3-000288,0,,1668069,1668069,0.6840
INV-H3-000289,0,,2079560,2079560,0.9373
INV-H3-000290,0,,1305288,1305288,0.9813
INV-H3-000291,0,,3600303,3600303,0.9805
INV-H3-000292,0,,3120806,3120806,0.9795
INV-H3-000293,0,,5029915,5029915,0.9861
INV-H3-000294,0,,1846274,1846274,0.9771
INV-H3-000295,0,,3321134,3321134,0.9858
INV-H3-000296,0,,875377,875377,0.9891
INV-H3-000297,0,,4008253,4008253,0.9643
INV-H3-000298,0,,1280597,1280597,0.9900
INV-H3-000299,0,,4663843,4663843,0.9817
INV-H3-000300,0,,2366504,2366504,0.6725
INV-H3-000301,0,,584765,584765,0.9852
INV-H3-000302,0,,2851784,2851784,0.9879
INV-H3-000303,0,,2398761,2398761,0.9788
INV-H3-000304,0,,2254728,2254728,0.6904
INV-H3-000305,0,,5369852,5369852,0.6935
INV-H3-000306,0,,2291309,2291309,0.9710
INV-H3-000307,0,,2979876,2979876,0.9863
INV-H3-000308,0,,5674337,5674337,0.6967
INV-H3-000309,0,,1255941,1255941,0.9544
INV-H3-000310,0,,3579397,3579397,0.9782
INV-H3-000311,0,,2669817,2669817,0.9738
INV-H3-000312,0,,2120285,2120285,0.9850
INV-H3-000313,0,,1656090,1656090,0.9819
INV-H3-000314,0,,2584085,2584085,0.9770
INV-H3-000315,0,,2808637,2808637,0.9592
INV-H3-000316,0,,2965511,2965511,0.9711
INV-H3-000317,0,,1409111,1409111,0.9892
INV-H3-000318,0,,2002531,2002531,0.9600
INV-H3-000319,0,,1994444,1994444,0.9832
INV-H3-000320,0,,3519298,3519298,0.9895
INV-H3-000321,0,,809375,809375,0.9846
INV-H3-000322,0,,4460091,4460091,0.9802
INV-H3-000323,0,,4914608,4914608,0.9842
INV-H3-000324,1,bundle_not_applied|contract_number_mismatch|duplicate_invoice_id|invoice_total_mismatch|unit_price_mismatch,4267312,1266846,0.9664
INV-H3-000325,0,,4438825,4438825,0.9636
INV-H3-000326,0,,1176004,1176004,0.9861
INV-H3-000327,0,,2881395,2881395,0.9874
INV-H3-000328,0,,3115283,3115283,0.9895
INV-H3-000329,0,,5813300,5813300,0.9810
INV-H3-000330,0,,3100873,3100873,0.9734
INV-H3-000331,0,,2407428,2407428,0.9849
INV-H3-000332,1,malformed_service_date|unit_price_mismatch,4883960,4925293,0.9648
INV-H3-000333,0,,1677524,1677524,0.9812
INV-H3-000334,1,duplicate_invoice_id|invoice_total_mismatch|malformed_service_date|premium_omitted|unit_price_mismatch,5550216,3368965,0.6944
INV-H3-000335,0,,3284145,3284145,0.9743
INV-H3-000336,0,,4078379,4078379,0.9652
INV-H3-000337,0,,1678515,1678515,0.9512
INV-H3-000338,0,,3561443,3561443,0.9696
INV-H3-000339,0,,914300,914300,0.9851
INV-H3-000340,1,contract_number_mismatch,3870957,3870957,0.9732
INV-H3-000341,0,,1351390,1351390,0.9724
INV-H3-000342,0,,3544012,3544012,0.6880
INV-H3-000343,0,,5494992,5494992,0.9761
INV-H3-000344,1,premium_incorrectly_applied|unit_price_mismatch,3052251,3057951,0.9861
INV-H3-000346,0,,2421974,2421974,0.9835
INV-H3-000347,1,daily_cap_exceeded|premium_incorrectly_applied|unit_price_mismatch|wrong_unit_basis,1769483,1822098,0.9891
INV-H3-000348,0,,1258643,1258643,0.9640
INV-H3-000349,0,,3318030,3318030,0.9744
INV-H3-000350,0,,3643337,3643337,0.9696
INV-H3-000351,1,malformed_service_date,940257,940257,0.9613
INV-H3-000352,1,duplicate_invoice_id|invoice_total_mismatch,3488967,1962471,0.9868
INV-H3-000353,0,,3005067,3005067,0.9810
INV-H3-000354,0,,1327549,1327549,0.9715
INV-H3-000355,0,,2542679,2542679,0.9762
INV-H3-000356,0,,893175,893175,0.9758
INV-H3-000357,0,,724170,724170,0.9859
INV-H3-000358,0,,2515793,2515793,0.9829
INV-H3-000359,0,,1321233,1321233,0.9783
INV-H3-000360,0,,1872785,1872785,0.9758
INV-H3-000361,0,,680391,680391,0.9895
INV-H3-000362,0,,2478315,2478315,0.9847
INV-H3-000363,0,,2021865,2021865,0.9781
INV-H3-000364,0,,717492,717492,0.9855
INV-H3-000365,0,,2076880,2076880,0.9807
INV-H3-000366,0,,1721197,1721197,0.9869
INV-H3-000367,1,wrong_unit_basis,1226552,1226552,0.9854
INV-H3-000368,0,,2454243,2454243,0.9739
INV-H3-000369,0,,987804,987804,0.9890
INV-H3-000370,0,,1644625,1644625,0.9632
INV-H3-000371,1,line_total_arithmetic|service_date_after_invoice_date|service_date_out_of_window|wrong_unit_basis,657680,757680,0.9443
INV-H3-000372,0,,3705794,3705794,0.9757
INV-H3-000373,0,,2974080,2974080,0.9794
INV-H3-000374,0,,2207638,2207638,0.9894
INV-H3-000375,1,line_total_arithmetic|premium_incorrectly_applied|unit_price_mismatch|volume_discount_incorrectly_applied,3684997,3934697,0.9860
INV-H3-000376,0,,2699524,2699524,0.9768
INV-H3-000377,0,,1450513,1450513,0.9783
INV-H3-000378,0,,695900,695900,0.9592
INV-H3-000379,0,,3426839,3426839,0.9692
INV-H3-000380,0,,2527400,2527400,0.9872
INV-H3-000381,1,bundle_not_applied|duplicate_invoice_id|invoice_total_mismatch|unit_price_mismatch,4717679,1876500,0.9758
INV-H3-000382,0,,2422535,2422535,0.9660
INV-H3-000383,0,,1443865,1443865,0.9814
INV-H3-000384,0,,1841225,1841225,0.9809
INV-H3-000385,0,,1162656,1162656,0.9852
INV-H3-000386,0,,3538584,3538584,0.9785
INV-H3-000387,0,,1167943,1167943,0.9688
INV-H3-000388,0,,1485550,1485550,0.9865
INV-H3-000389,0,,2820751,2820751,0.9798
INV-H3-000390,0,,3011640,3011640,0.9781
INV-H3-000391,0,,2317653,2317653,0.9828
INV-H3-000392,0,,6412428,6412428,0.6862
INV-H3-000393,0,,1479500,1479500,0.9818
INV-H3-000394,0,,1354133,1354133,0.9779
INV-H3-000395,0,,4059927,4059927,0.9883
INV-H3-000396,0,,4882503,4882503,0.9854
INV-H3-000397,1,unit_price_mismatch|volume_discount_omitted,1045753,1053916,0.9755
INV-H3-000398,0,,4307147,4307147,0.9731
INV-H3-000399,1,unit_price_mismatch|volume_discount_omitted,2053489,2061652,0.9672
INV-H3-000400,0,,2273634,2273634,0.9834
INV-H3-000401,0,,2289619,2289619,0.9848
INV-H3-000402,0,,1030376,1030376,0.9894
INV-H3-000403,0,,1723380,1723380,0.9848
INV-H3-000404,0,,2432324,2432324,0.9714
INV-H3-000405,0,,2754465,2754465,0.9804
INV-H3-000406,0,,1330794,1330794,0.9747
INV-H3-000407,0,,1651890,1651890,0.9611
INV-H3-000408,0,,3571126,3571126,0.9723
INV-H3-000409,0,,847213,847213,0.9501
INV-H3-000410,0,,2640415,2640415,0.9827
INV-H3-000411,0,,2285301,2285301,0.9876
INV-H3-000412,0,,3431121,3431121,0.9840
INV-H3-000413,0,,1623251,1623251,0.9868
INV-H3-000414,0,,2582215,2582215,0.9565
INV-H3-000415,0,,2317974,2317974,0.9873
INV-H3-000416,0,,3501130,3501130,0.9825
INV-H3-000417,0,,3108901,3108901,0.6725
INV-H3-000418,0,,2477993,2477993,0.9433
INV-H3-000419,0,,4102600,4102600,0.9599
INV-H3-000420,0,,3515258,3515258,0.9858
INV-H3-000421,0,,4445080,4445080,0.9766
INV-H3-000422,0,,2027914,2027914,0.9855
INV-H3-000423,0,,5380751,5380751,0.9789
INV-H3-000424,0,,1658950,1658950,0.9640
INV-H3-000425,1,wrong_unit_basis,2704525,2704525,0.9645
INV-H3-000426,0,,3195393,3195393,0.9707
INV-H3-000427,1,daily_cap_exceeded|premium_omitted|unit_price_mismatch,3452004,3691222,0.9842
INV-H3-000428,0,,4079374,4079374,0.9729
INV-H3-000429,0,,1635812,1635812,0.9858
INV-H3-000430,0,,5691368,5691368,0.9803
INV-H3-000431,0,,2216726,2216726,0.9891
INV-H3-000432,0,,3930653,3930653,0.6950
INV-H3-000433,0,,3852667,3852667,0.6731
INV-H3-000434,0,,2688649,2688649,0.9842
INV-H3-000435,0,,4711705,4711705,0.9807
INV-H3-000436,0,,2701125,2701125,0.9813
INV-H3-000437,0,,2947453,2947453,0.9829
INV-H3-000438,0,,1846603,1846603,0.9789
INV-H3-000439,0,,3044934,3044934,0.9443
INV-H3-000440,0,,1837069,1837069,0.9859
INV-H3-000441,0,,1325956,1325956,0.9888
INV-H3-000442,0,,3988025,3988025,0.9821
INV-H3-000443,0,,4655612,4655612,0.9686
INV-H3-000445,0,,1187550,1187550,0.9722
INV-H3-000446,0,,3993475,3993475,0.9854
INV-H3-000447,0,,972204,972204,0.9861
INV-H3-000448,0,,4355694,4355694,0.9671
INV-H3-000449,0,,1622474,1622474,0.6682
INV-H3-000450,1,premium_omitted|unit_price_mismatch,4030026,4008686,0.9817
INV-H3-000452,0,,3479088,3479088,0.9639
INV-H3-000453,0,,4896846,4896846,0.9631
INV-H3-000454,0,,1592850,1592850,0.9800
INV-H3-000455,0,,4208045,4208045,0.9628
INV-H3-000456,0,,3707091,3707091,0.9824
INV-H3-000457,0,,4279312,4279312,0.9803
INV-H3-000458,0,,2222984,2222984,0.9858
INV-H3-000459,0,,1317500,1317500,0.9855
INV-H3-000460,0,,3160198,3160198,0.9802
INV-H3-000461,0,,5519752,5519752,0.9805
INV-H3-000462,0,,1439683,1439683,0.9655
INV-H3-000463,0,,3219053,3219053,0.9871
INV-H3-000464,0,,3751201,3751201,0.9687
INV-H3-000465,0,,4251715,4251715,0.6627
INV-H3-000466,0,,2459354,2459354,0.9770
INV-H3-000467,0,,1703992,1703992,0.9743
INV-H3-000468,0,,5886647,5886647,0.9870
INV-H3-000469,0,,1587110,1587110,0.9671
INV-H3-000470,0,,1300815,1300815,0.9796
INV-H3-000471,0,,4089865,4089865,0.9828
INV-H3-000472,0,,5596705,5596705,0.9788
INV-H3-000473,0,,3656652,3656652,0.9823
INV-H3-000474,0,,2078701,2078701,0.9535
INV-H3-000475,0,,2980293,2980293,0.9881
INV-H3-000476,0,,3087010,3087010,0.9769
INV-H3-000477,0,,2486155,2486155,0.9562
INV-H3-000478,0,,1588911,1588911,0.9890
INV-H3-000479,0,,2825081,2825081,0.9676
INV-H3-000480,0,,1405764,1405764,0.9824
INV-H3-000481,0,,3132194,3132194,0.9860
INV-H3-000482,0,,5256564,5256564,0.9799
INV-H3-000483,0,,3628363,3628363,0.9776
INV-H3-000484,0,,2857716,2857716,0.9875
INV-H3-000485,0,,3810575,3810575,0.9811
INV-H3-000486,0,,3549214,3549214,0.9784
INV-H3-000487,0,,1542510,1542510,0.9813
INV-H3-000488,0,,1587190,1587190,0.9724
INV-H3-000489,0,,4410294,4410294,0.9840
INV-H3-000490,0,,4635311,4635311,0.9882
INV-H3-000491,0,,3031146,3031146,0.9840
INV-H3-000492,0,,3939718,3939718,0.9610
INV-H3-000493,0,,2162917,2162917,0.9878
INV-H3-000494,0,,4625479,4625479,0.9868
INV-H3-000495,0,,4155233,4155233,0.6871
INV-H3-000496,0,,1460292,1460292,0.9781
INV-H3-000497,0,,3787432,3787432,0.9877
INV-H3-000498,0,,746800,746800,0.6673
INV-H3-000499,0,,2510715,2510715,0.6774
INV-H3-000500,0,,1543999,1543999,0.9900
INV-H3-000501,0,,4838595,4838595,0.6921
INV-H3-000502,0,,2890857,2890857,0.9814
INV-H3-000503,0,,1983675,1983675,0.9865
INV-H3-000504,0,,1571425,1571425,0.9816
INV-H3-000505,0,,2146935,2146935,0.9893
INV-H3-000506,0,,4826401,4826401,0.9696
INV-H3-000507,0,,2111931,2111931,0.9819
INV-H3-000508,0,,5882488,5882488,0.9824
INV-H3-000509,0,,1606500,1606500,0.9880
INV-H3-000510,0,,3190771,3190771,0.9832
INV-H3-000511,1,service_date_after_invoice_date,3275914,3275914,0.9680
INV-H3-000512,0,,3022326,3022326,0.9819
INV-H3-000513,0,,1009369,1009369,0.9775
INV-H3-000514,0,,1052504,1052504,0.9408
INV-H3-000515,0,,3852464,3852464,0.9773
INV-H3-000516,1,premium_incorrectly_applied|unit_price_mismatch|volume_discount_omitted,2585662,2630209,0.9799
INV-H3-000517,0,,3916004,3916004,0.9774
INV-H3-000518,0,,962297,962297,0.9807
INV-H3-000519,1,service_date_after_invoice_date|unknown_service|wrong_unit_basis,5156320,5156320,0.6632
INV-H3-000520,0,,934154,934154,0.6682
INV-H3-000521,0,,4582974,4582974,0.9886
INV-H3-000522,0,,1646077,1646077,0.9815
INV-H3-000523,0,,5465371,5465371,0.9831
INV-H3-000524,0,,3069495,3069495,0.9848
INV-H3-000525,0,,2813784,2813784,0.9701
INV-H3-000526,0,,2351240,2351240,0.9784
INV-H3-000527,0,,4451577,4451577,0.9782
INV-H3-000528,1,premium_omitted|unit_price_mismatch|wrong_unit_basis,5392755,5335500,0.9786
INV-H3-000529,0,,5138061,5138061,0.9770
INV-H3-000530,0,,4685283,4685283,0.6950
INV-H3-000531,0,,1349824,1349824,0.9741
INV-H3-000532,0,,2162095,2162095,0.9721
INV-H3-000533,0,,3120689,3120689,0.9784
INV-H3-000534,0,,2294208,2294208,0.9855
INV-H3-000535,0,,1661983,1661983,0.9821
INV-H3-000536,0,,5678787,5678787,0.9772
INV-H3-000537,0,,5535363,5535363,0.9811
INV-H3-000538,0,,3761135,3761135,0.9851
INV-H3-000539,0,,1898399,1898399,0.6739
INV-H3-000540,0,,5031053,5031053,0.9735
INV-H3-000541,0,,5042950,5042950,0.9755
INV-H3-000542,0,,1483885,1483885,0.9849
INV-H3-000543,0,,4273409,4273409,0.9814
INV-H3-000544,0,,1496585,1496585,0.9833
INV-H3-000545,0,,1992091,1992091,0.9804
INV-H3-000546,0,,4199469,4199469,0.9771
INV-H3-000547,0,,1793479,1793479,0.9784
INV-H3-000548,0,,3780600,3780600,0.9833
INV-H3-000549,0,,632222,632222,0.9896
INV-H3-000550,0,,2112615,2112615,0.9831
INV-H3-000551,0,,2365136,2365136,0.9829
INV-H3-000552,0,,2129160,2129160,0.9745
INV-H3-000553,0,,2829251,2829251,0.9738
INV-H3-000554,0,,896743,896743,0.9859
INV-H3-000555,0,,4569560,4569560,0.6859
INV-H3-000556,0,,3215828,3215828,0.9677
INV-H3-000557,0,,946635,946635,0.9895
INV-H3-000558,0,,2223251,2223251,0.9646
INV-H3-000559,0,,1222949,1222949,0.9725
INV-H3-000560,0,,1914351,1914351,0.9819
INV-H3-000561,0,,5976733,5976733,0.9791
INV-H3-000562,0,,1326928,1326928,0.9867
INV-H3-000563,0,,1630315,1630315,0.9876
INV-H3-000564,0,,2089596,2089596,0.6754
INV-H3-000565,1,daily_cap_exceeded|premium_incorrectly_applied|unit_price_mismatch|volume_discount_omitted|wrong_unit_basis,933802,1543378,0.9331
INV-H3-000566,0,,2355847,2355847,0.6940
INV-H3-000567,0,,4725194,4725194,0.9834
INV-H3-000568,0,,3255149,3255149,0.9834
INV-H3-000569,0,,3211128,3211128,0.9816
INV-H3-000570,0,,3537739,3537739,0.9744
INV-H3-000571,0,,1000673,1000673,0.6705
INV-H3-000572,0,,4585023,4585023,0.6899
INV-H3-000573,0,,1617505,1617505,0.9713
INV-H3-000574,0,,3886102,3886102,0.9872
INV-H3-000575,0,,2133408,2133408,0.9617
INV-H3-000576,0,,4165113,4165113,0.9789
INV-H3-000577,0,,2116580,2116580,0.9846
INV-H3-000578,0,,2599242,2599242,0.9802
INV-H3-000579,0,,1735230,1735230,0.9776
INV-H3-000580,0,,3746399,3746399,0.9855
INV-H3-000581,0,,1626740,1626740,0.6739
INV-H3-000582,0,,2791270,2791270,0.9855
INV-H3-000583,0,,2040792,2040792,0.9811
INV-H3-000584,0,,2568524,2568524,0.9802
INV-H3-000585,0,,4437313,4437313,0.9658
INV-H3-000586,0,,1714262,1714262,0.9837
INV-H3-000587,0,,2548460,2548460,0.6882
INV-H3-000588,0,,4209747,4209747,0.6812
INV-H3-000589,0,,1413600,1413600,0.9494
INV-H3-000590,0,,1062716,1062716,0.9892
INV-H3-000591,0,,2326614,2326614,0.9876
INV-H3-000592,0,,2351950,2351950,0.9796
INV-H3-000593,0,,2946528,2946528,0.9880
INV-H3-000594,0,,2622423,2622423,0.9604
INV-H3-000595,0,,3212435,3212435,0.6629
INV-H3-000596,1,invoice_total_mismatch|premium_incorrectly_applied|unit_price_mismatch,1221425,1353425,0.9652
INV-H3-000597,0,,2763642,2763642,0.9819
INV-H3-000598,0,,4266606,4266606,0.6842
INV-H3-000599,0,,3952368,3952368,0.9776
INV-H3-000600,1,exclusion_window_violation|premium_incorrectly_applied|unit_price_mismatch,1088438,1181936,0.9892
INV-H3-000601,0,,1758720,1758720,0.9568
INV-H3-000602,0,,2903585,2903585,0.9855
INV-H3-000603,0,,4087951,4087951,0.6845
INV-H3-000604,0,,1460397,1460397,0.9891
INV-H3-000605,0,,5188179,5188179,0.9810
INV-H3-000606,0,,1715630,1715630,0.9673
INV-H3-000607,0,,1683196,1683196,0.6898
INV-H3-000608,0,,4687781,4687781,0.9824
INV-H3-000609,0,,3958061,3958061,0.9868
INV-H3-000610,0,,1280605,1280605,0.9822
INV-H3-000611,0,,2620672,2620672,0.9678
INV-H3-000612,0,,2605415,2605415,0.9786
INV-H3-000613,0,,3899556,3899556,0.9824
INV-H3-000614,0,,3531410,3531410,0.9842
INV-H3-000615,0,,3651949,3651949,0.9769
INV-H3-000616,0,,2455618,2455618,0.9695
INV-H3-000617,0,,1986075,1986075,0.9456
INV-H3-000618,0,,2526045,2526045,0.9790
INV-H3-000619,1,cross_invoice_duplicate|daily_cap_exceeded|premium_incorrectly_applied|unit_price_mismatch|volume_discount_incorrectly_applied|wrong_unit_basis,3230374,3116724,0.6844
INV-H3-000620,0,,1673940,1673940,0.9596
INV-H3-000621,0,,2670404,2670404,0.9850
INV-H3-000622,0,,668775,668775,0.9317
INV-H3-000623,0,,1904016,1904016,0.9719
INV-H3-000624,0,,3025727,3025727,0.9723
INV-H3-000625,0,,3580886,3580886,0.6826
INV-H3-000626,0,,722107,722107,0.9799
INV-H3-000627,0,,4290205,4290205,0.9772
INV-H3-000628,0,,4567552,4567552,0.9838
INV-H3-000629,0,,2215821,2215821,0.9772
INV-H3-000630,0,,2472360,2472360,0.9853
INV-H3-000631,0,,2339462,2339462,0.9829
INV-H3-000632,0,,2624830,2624830,0.9726
INV-H3-000633,0,,1510337,1510337,0.9758
INV-H3-000634,0,,2123742,2123742,0.9892
INV-H3-000635,0,,936631,936631,0.6607
INV-H3-000636,0,,1955525,1955525,0.9644
INV-H3-000637,0,,3055685,3055685,0.9728
INV-H3-000638,0,,2890956,2890956,0.9895
INV-H3-000639,0,,2652090,2652090,0.9832
INV-H3-000640,0,,1302601,1302601,0.9782
INV-H3-000641,0,,1674515,1674515,0.9900
INV-H3-000642,0,,995375,995375,0.9900
INV-H3-000643,0,,3534723,3534723,0.9736
INV-H3-000644,0,,3316764,3316764,0.9711
INV-H3-000645,0,,4570371,4570371,0.9819
INV-H3-000646,0,,1914630,1914630,0.9564
INV-H3-000647,0,,3947500,3947500,0.9859
INV-H3-000648,0,,5192171,5192171,0.9827
INV-H3-000649,0,,3415809,3415809,0.9875
INV-H3-000650,0,,2499927,2499927,0.9848
INV-H3-000651,0,,1936547,1936547,0.9778
INV-H3-000652,0,,1065969,1065969,0.6770
INV-H3-000654,0,,5481069,5481069,0.9816
INV-H3-000655,0,,3114597,3114597,0.9848
INV-H3-000656,0,,1487115,1487115,0.9855
INV-H3-000657,0,,672625,672625,0.9877
INV-H3-000658,0,,1482129,1482129,0.9894
INV-H3-000659,1,line_total_arithmetic,3719703,3694703,0.9788
INV-H3-000660,0,,4491167,4491167,0.9853
INV-H3-000661,0,,880809,880809,0.9896
INV-H3-000662,0,,3525056,3525056,0.9866
INV-H3-000663,0,,4226294,4226294,0.6870
INV-H3-000664,0,,566596,566596,0.9844
INV-H3-000665,0,,3494543,3494543,0.9736
INV-H3-000666,0,,1446606,1446606,0.9694
INV-H3-000667,0,,3092945,3092945,0.9749
INV-H3-000668,0,,3587878,3587878,0.9676
INV-H3-000669,0,,514363,514363,0.9895
INV-H3-000670,0,,5265208,5265208,0.9876
INV-H3-000671,0,,2958561,2958561,0.9720
INV-H3-000672,0,,995793,995793,0.9651
INV-H3-000673,0,,4225099,4225099,0.9861
INV-H3-000674,0,,3398905,3398905,0.9834
INV-H3-000675,0,,3301921,3301921,0.9871
INV-H3-000676,1,bundle_not_applied|unit_price_mismatch,3815132,3978332,0.9865
INV-H3-000677,0,,1947461,1947461,0.9647
INV-H3-000678,0,,3242274,3242274,0.9669
INV-H3-000679,0,,3365938,3365938,0.9829
INV-H3-000680,0,,2573845,2573845,0.6803
INV-H3-000681,1,line_total_arithmetic|service_date_out_of_window|service_not_effective|wrong_unit_basis,2157554,2132554,0.9868
INV-H3-000682,0,,1879175,1879175,0.9859
INV-H3-000683,0,,4193370,4193370,0.9760
INV-H3-000684,0,,3962076,3962076,0.9781
INV-H3-000685,0,,2811475,2811475,0.9703
INV-H3-000686,0,,1507477,1507477,0.9870
INV-H3-000687,1,premium_incorrectly_applied|unit_price_mismatch|volume_discount_incorrectly_applied|wrong_unit_basis,4712361,4845729,0.6634
INV-H3-000688,0,,1626005,1626005,0.9825
INV-H3-000689,0,,4240534,4240534,0.6833
INV-H3-000690,0,,4065707,4065707,0.9871
INV-H3-000691,0,,4897794,4897794,0.9685
INV-H3-000692,0,,2539843,2539843,0.9803
INV-H3-000693,0,,2568521,2568521,0.9605
INV-H3-000694,0,,3730941,3730941,0.9852
INV-H3-000695,0,,4156121,4156121,0.9802
INV-H3-000696,0,,3157541,3157541,0.9780
INV-H3-000697,0,,4006602,4006602,0.9800
INV-H3-000698,0,,3137774,3137774,0.6883
INV-H3-000699,0,,1467283,1467283,0.9693
INV-H3-000700,0,,4189369,4189369,0.9814
INV-H3-000701,0,,1027208,1027208,0.9685
INV-H3-000702,0,,3242872,3242872,0.9786
INV-H3-000703,0,,3295775,3295775,0.9805
INV-H3-000705,0,,831530,831530,0.9504
INV-H3-000706,1,premium_incorrectly_applied|unit_price_mismatch|wrong_unit_basis,5093986,5393761,0.9796
INV-H3-000707,0,,1488925,1488925,0.9801
INV-H3-000708,0,,2003036,2003036,0.9703
INV-H3-000709,0,,4056260,4056260,0.9867
INV-H3-000710,0,,2337448,2337448,0.9859
INV-H3-000711,0,,2972890,2972890,0.6873
INV-H3-000712,0,,5427346,5427346,0.9731
INV-H3-000713,0,,516575,516575,0.9892
INV-H3-000714,0,,2417803,2417803,0.9870
INV-H3-000715,0,,2589505,2589505,0.9806
INV-H3-000716,1,premium_incorrectly_applied|unit_price_mismatch,1446155,1461455,0.9831
INV-H3-000717,1,premium_incorrectly_applied|unit_price_mismatch,4131789,4154396,0.9877
INV-H3-000718,0,,3895001,3895001,0.9863
INV-H3-000719,0,,1412244,1412244,0.9795
INV-H3-000720,0,,2304088,2304088,0.9788
INV-H3-000721,0,,4519168,4519168,0.9752
INV-H3-000722,0,,2691831,2691831,0.9776
INV-H3-000723,0,,3834659,3834659,0.9780
INV-H3-000724,0,,2629947,2629947,0.9826
INV-H3-000725,0,,2153261,2153261,0.9832
INV-H3-000726,0,,2659547,2659547,0.9874
INV-H3-000727,0,,2743756,2743756,0.9854
INV-H3-000728,0,,3578751,3578751,0.9764
INV-H3-000729,0,,3475503,3475503,0.6843
INV-H3-000730,0,,4427478,4427478,0.9878
INV-H3-000731,0,,1111588,1111588,0.9849
INV-H3-000732,0,,2789905,2789905,0.6832
INV-H3-000733,0,,3593776,3593776,0.9574
INV-H3-000734,0,,537271,537271,0.9896
INV-H3-000735,0,,3087663,3087663,0.9692
INV-H3-000736,0,,3137830,3137830,0.9740
INV-H3-000737,0,,3064153,3064153,0.9776
INV-H3-000738,0,,2919602,2919602,0.9730
INV-H3-000739,0,,4242242,4242242,0.9853
INV-H3-000740,0,,602853,602853,0.9900
INV-H3-000741,0,,2915819,2915819,0.9854
INV-H3-000742,0,,3466104,3466104,0.9853
INV-H3-000743,0,,3790418,3790418,0.9819
INV-H3-000744,0,,4264192,4264192,0.9861
INV-H3-000745,0,,706010,706010,0.9895
INV-H3-000746,0,,381317,381317,0.9775
INV-H3-000747,0,,1574386,1574386,0.9795
INV-H3-000748,0,,1554665,1554665,0.9809
INV-H3-000749,1,premium_incorrectly_applied|service_date_after_invoice_date|service_date_out_of_window|unit_price_mismatch|volume_discount_omitted,2628281,3780850,0.9832
INV-H3-000750,0,,4599898,4599898,0.9831
INV-H3-000751,0,,5760591,5760591,0.9543
INV-H3-000752,0,,2701313,2701313,0.6813
INV-H3-000753,0,,3093941,3093941,0.9832
INV-H3-000754,0,,1819057,1819057,0.9855
INV-H3-000755,0,,3156586,3156586,0.9805
INV-H3-000756,0,,2393158,2393158,0.9870
INV-H3-000757,0,,1771249,1771249,0.9813
INV-H3-000758,0,,5260560,5260560,0.9706
INV-H3-000759,0,,2342309,2342309,0.9842
INV-H3-000760,0,,724790,724790,0.9900
INV-H3-000761,0,,4257105,4257105,0.9732
INV-H3-000762,0,,3759713,3759713,0.9807
INV-H3-000763,0,,930293,930293,0.9896
INV-H3-000764,0,,3031701,3031701,0.9815
INV-H3-000765,0,,1784079,1784079,0.9834
INV-H3-000766,0,,2357378,2357378,0.9702
INV-H3-000767,0,,1823255,1823255,0.6788
INV-H3-000768,0,,2840599,2840599,0.9784
INV-H3-000769,0,,881425,881425,0.9734
INV-H3-000770,0,,618253,618253,0.9895
INV-H3-000771,0,,3494704,3494704,0.9838
INV-H3-000772,0,,3024830,3024830,0.9808
INV-H3-000773,0,,4715934,4715934,0.9713
INV-H3-000774,0,,1183376,1183376,0.9885
INV-H3-000775,0,,3676865,3676865,0.9860
INV-H3-000776,0,,2524245,2524245,0.6788
INV-H3-000777,0,,6149897,6149897,0.9795
INV-H3-000778,0,,2455565,2455565,0.9849
INV-H3-000779,0,,1751701,1751701,0.9657
INV-H3-000780,0,,2384030,2384030,0.9847
INV-H3-000781,1,contract_number_mismatch|premium_incorrectly_applied|unit_price_mismatch|wrong_unit_basis,2836100,2969025,0.6492
INV-H3-000782,1,service_date_after_invoice_date,4628823,4628823,0.9851
INV-H3-000783,0,,2018521,2018521,0.9822
INV-H3-000784,0,,3651635,3651635,0.9743
INV-H3-000785,1,premium_incorrectly_applied|unit_price_mismatch|wrong_unit_basis,2325851,2366751,0.6775
INV-H3-000786,0,,2554654,2554654,0.9862
INV-H3-000787,1,service_date_after_invoice_date,4234549,4234549,0.9700
INV-H3-000788,1,bundle_not_applied|unit_price_mismatch,3319912,3407112,0.9768
INV-H3-000789,1,exclusion_window_violation|line_total_arithmetic|premium_incorrectly_applied|unit_price_mismatch,1519625,1888897,0.9697
INV-H3-000790,0,,2284197,2284197,0.9794
INV-H3-000791,0,,3873519,3873519,0.6983
INV-H3-000792,0,,873775,873775,0.9756
INV-H3-000793,0,,2536612,2536612,0.9751
INV-H3-000794,1,bundle_not_applied|invoice_total_mismatch|premium_incorrectly_applied|unit_price_mismatch|wrong_unit_basis,1003964,1424664,0.9178
INV-H3-000795,0,,2317885,2317885,0.9726
INV-H3-000796,0,,2636844,2636844,0.6853
INV-H3-000797,0,,967300,967300,0.9782
INV-H3-000798,0,,2932721,2932721,0.9613
INV-H3-000799,0,,6406346,6406346,0.6977
INV-H3-000800,0,,5046666,5046666,0.9739
INV-H3-000801,0,,3379755,3379755,0.9786
INV-H3-000802,0,,760223,760223,0.9424
INV-H3-000803,0,,3222887,3222887,0.9835
INV-H3-000804,0,,2767967,2767967,0.6934
INV-H3-000805,0,,3710659,3710659,0.6921
INV-H3-000806,0,,3278600,3278600,0.9872
INV-H3-000807,0,,1858924,1858924,0.9753
INV-H3-000808,0,,1261397,1261397,0.9780
INV-H3-000809,0,,3215321,3215321,0.9841
INV-H3-000810,0,,630689,630689,0.9613
INV-H3-000811,0,,1836130,1836130,0.9843
INV-H3-000812,0,,1244190,1244190,0.9657
INV-H3-000813,0,,3923990,3923990,0.9723
INV-H3-000814,0,,3200185,3200185,0.9832
INV-H3-000815,0,,3254914,3254914,0.6899
INV-H3-000816,1,invoice_total_mismatch,2622469,2623469,0.6850
INV-H3-000817,1,premium_omitted|unit_price_mismatch,3404015,3315287,0.9819
INV-H3-000818,0,,5275580,5275580,0.9767
INV-H3-000819,0,,2291285,2291285,0.9900
INV-H3-000820,0,,1426437,1426437,0.9861
INV-H3-000821,0,,2767982,2767982,0.9864
INV-H3-000822,0,,1850345,1850345,0.9797
INV-H3-000823,0,,1198551,1198551,0.9895
INV-H3-000824,0,,4118783,4118783,0.6935
INV-H3-000825,0,,1304445,1304445,0.9713
INV-H3-000826,0,,3377308,3377308,0.9824
INV-H3-000827,0,,3548057,3548057,0.9814
INV-H3-000828,0,,970340,970340,0.6508
INV-H3-000829,0,,1971132,1971132,0.9859
INV-H3-000830,0,,5252450,5252450,0.9804
INV-H3-000831,0,,1894994,1894994,0.9868
INV-H3-000832,0,,2325283,2325283,0.9631
INV-H3-000833,0,,5333990,5333990,0.6883
INV-H3-000834,1,premium_incorrectly_applied|service_date_out_of_window|unit_price_mismatch,3340474,3370659,0.9798
INV-H3-000835,0,,3258589,3258589,0.9763
INV-H3-000836,0,,1929960,1929960,0.9384
INV-H3-000837,1,malformed_service_date|wrong_unit_basis,932171,932171,0.9619
INV-H3-000838,0,,1182311,1182311,0.9763
INV-H3-000839,0,,3975071,3975071,0.9831
INV-H3-000840,0,,2198182,2198182,0.6918
INV-H3-000841,0,,2222152,2222152,0.9857
INV-H3-000842,1,cross_invoice_duplicate|service_date_out_of_window|unit_price_mismatch|volume_discount_omitted,1872411,2783025,0.9848
INV-H3-000843,0,,1235319,1235319,0.9821
INV-H3-000844,0,,3364487,3364487,0.9703
INV-H3-000845,0,,2708497,2708497,0.9772
INV-H3-000846,0,,4669641,4669641,0.9864
INV-H3-000847,0,,2082753,2082753,0.6827
INV-H3-000848,0,,4710941,4710941,0.9872
INV-H3-000849,0,,2600044,2600044,0.9755
INV-H3-000850,0,,5026295,5026295,0.9832
INV-H3-000851,0,,3261972,3261972,0.9857
INV-H3-000852,0,,2188525,2188525,0.9637
INV-H3-000853,0,,750465,750465,0.9896
INV-H3-000854,0,,1300618,1300618,0.9741
INV-H3-000855,0,,598343,598343,0.6698
INV-H3-000856,0,,4388325,4388325,0.9775
INV-H3-000857,0,,4031755,4031755,0.6818
INV-H3-000858,0,,4117434,4117434,0.9735
INV-H3-000859,0,,929398,929398,0.9885
INV-H3-000860,0,,1550156,1550156,0.9695
INV-H3-000861,0,,2950086,2950086,0.9686
INV-H3-000862,0,,4316227,4316227,0.6935
INV-H3-000863,0,,657175,657175,0.9564
INV-H3-000864,0,,4957347,4957347,0.6838
INV-H3-000865,0,,2180620,2180620,0.9831
INV-H3-000866,0,,2501760,2501760,0.9738
INV-H3-000867,0,,3723227,3723227,0.9834
INV-H3-000868,0,,3319399,3319399,0.9799
INV-H3-000869,0,,1768443,1768443,0.6615
INV-H3-000870,0,,2075936,2075936,0.6780
INV-H3-000871,0,,3470455,3470455,0.9803
INV-H3-000872,0,,5207506,5207506,0.9757
INV-H3-000873,0,,4007328,4007328,0.9814
INV-H3-000874,0,,3229314,3229314,0.9693
INV-H3-000875,0,,3748325,3748325,0.9847
INV-H3-000876,0,,3476986,3476986,0.9855
INV-H3-000877,0,,3062855,3062855,0.9849
INV-H3-000878,0,,3762504,3762504,0.9625
INV-H3-000879,1,service_date_after_invoice_date|service_date_out_of_window|service_not_effective,3718750,3718750,0.9827
INV-H3-000880,0,,2894238,2894238,0.9834
INV-H3-000881,0,,1632800,1632800,0.9843
INV-H3-000882,0,,1770462,1770462,0.9798
INV-H3-000883,0,,1765247,1765247,0.9742
INV-H3-000884,0,,3148530,3148530,0.9832
INV-H3-000885,0,,2107517,2107517,0.9691
INV-H3-000886,0,,4669482,4669482,0.6869
INV-H3-000887,0,,3561548,3561548,0.6882
INV-H3-000888,0,,813251,813251,0.9848
INV-H3-000889,0,,1053370,1053370,0.9870
INV-H3-000890,0,,585236,585236,0.9900
INV-H3-000891,0,,3024155,3024155,0.9796
INV-H3-000892,0,,1009674,1009674,0.9896
INV-H3-000893,0,,3387265,3387265,0.9846
INV-H3-000894,0,,2610416,2610416,0.9798
INV-H3-000895,0,,1329656,1329656,0.9696
INV-H3-000896,0,,2155380,2155380,0.9900
INV-H3-000897,0,,2833994,2833994,0.9870
INV-H3-000898,0,,3808756,3808756,0.9835
INV-H3-000899,0,,1543629,1543629,0.9893
INV-H3-000900,0,,2769562,2769562,0.9773
INV-H3-000901,0,,2043225,2043225,0.9794
INV-H3-000902,0,,1562901,1562901,0.9785
INV-H3-000903,0,,2067395,2067395,0.9783
INV-H3-000904,0,,2428975,2428975,0.9819
INV-H3-000905,0,,3125341,3125341,0.9775
INV-H3-000906,0,,4013496,4013496,0.9881
INV-H3-000907,0,,951492,951492,0.9897
INV-H3-000908,0,,3555714,3555714,0.9851
INV-H3-000909,0,,922816,922816,0.9890
INV-H3-000910,0,,2491406,2491406,0.9829
INV-H3-000911,0,,3501125,3501125,0.9756
INV-H3-000912,0,,2291674,2291674,0.9893
INV-H3-000913,0,,2594630,2594630,0.9874
INV-H3-000914,0,,2567199,2567199,0.6869
INV-H3-000915,0,,2276481,2276481,0.9843
INV-H3-000916,0,,2426045,2426045,0.9712
INV-H3-000917,0,,3381300,3381300,0.6719
INV-H3-000918,0,,4167031,4167031,0.6744
INV-H3-000919,0,,3767997,3767997,0.9806
INV-H3-000920,0,,3225018,3225018,0.9749
INV-H3-000921,0,,2818319,2818319,0.9845
INV-H3-000922,0,,4305802,4305802,0.9662
INV-H3-000923,0,,2013042,2013042,0.9832
INV-H3-000924,0,,3415747,3415747,0.9779
INV-H3-000925,1,bundle_not_applied|premium_incorrectly_applied|unit_price_mismatch|wrong_unit_basis,4324229,4378954,0.9704
INV-H3-000926,0,,4230770,4230770,0.6724
INV-H3-000927,0,,5884230,5884230,0.9706
INV-H3-000928,0,,4661382,4661382,0.9818
INV-H3-000929,0,,1543690,1543690,0.9705
INV-H3-000930,0,,2183668,2183668,0.9821
INV-H3-000931,0,,876385,876385,0.9864
INV-H3-000932,0,,2288377,2288377,0.9699
INV-H3-000933,0,,1504813,1504813,0.9774
INV-H3-000934,1,premium_incorrectly_applied|service_date_after_invoice_date|unit_price_mismatch|volume_discount_omitted|wrong_unit_basis,819030,887050,0.9526
INV-H3-000935,1,cross_invoice_duplicate|malformed_service_date|unknown_service,4087841,4316041,0.6908
INV-H3-000936,0,,3110365,3110365,0.6899
INV-H3-000937,0,,2073634,2073634,0.9857
INV-H3-000938,0,,3317874,3317874,0.9827
INV-H3-000939,0,,1461575,1461575,0.9861
